-- phpMyAdmin SQL Dump
-- version 5.2.0
-- https://www.phpmyadmin.net/
--
-- Servidor: 127.0.0.1
-- Tiempo de generación: 07-06-2022 a las 21:56:27
-- Versión del servidor: 10.4.24-MariaDB
-- Versión de PHP: 8.1.4

SET SQL_MODE = "NO_AUTO_VALUE_ON_ZERO";
START TRANSACTION;
SET time_zone = "+00:00";


/*!40101 SET @OLD_CHARACTER_SET_CLIENT=@@CHARACTER_SET_CLIENT */;
/*!40101 SET @OLD_CHARACTER_SET_RESULTS=@@CHARACTER_SET_RESULTS */;
/*!40101 SET @OLD_COLLATION_CONNECTION=@@COLLATION_CONNECTION */;
/*!40101 SET NAMES utf8mb4 */;

--
-- Base de datos: `tfg`
--

DELIMITER $$
--
-- Procedimientos
--
CREATE DEFINER=`root`@`localhost` PROCEDURE `SP_VERIFICAR_USUARIO` (IN `USUARIO` VARCHAR(20))   SELECT 
usuarios.idusuario,
usuarios.nombre_usuario,
usuarios.nombre,
usuarios.apellidos,
usuarios.fecha_nacimiento,
usuarios.contrasena,
usuarios.correo,
usuarios.estado,
usuarios.rol_id,
rol.rol_id
FROM usuarios
INNER JOIN rol ON usuarios.rol_id = rol.rol_id
WHERE nombre_usuario = BINARY @USUARIO$$

CREATE DEFINER=`root`@`localhost` PROCEDURE `ST_LISTAR_ROL` ()   SELECT rol.rol_id,
rol.rol_nombre
FROM 
rol$$

CREATE DEFINER=`root`@`localhost` PROCEDURE `ST_MODIFICAR_ESTATUS_USUARIO` (IN `IDUSU` INT, IN `ESTATUS` VARCHAR(20))   UPDATE usuarios SET 
estado=ESTATUS
WHERE idusuario=IDUSU$$

DELIMITER ;

-- --------------------------------------------------------

--
-- Estructura de tabla para la tabla `calendario`
--

CREATE TABLE `calendario` (
  `idevento` int(11) NOT NULL,
  `title` varchar(100) NOT NULL,
  `descripcion` varchar(200) DEFAULT NULL,
  `start` datetime NOT NULL,
  `end` datetime DEFAULT NULL,
  `color` varchar(20) NOT NULL,
  `idusuario` int(11) NOT NULL
) ENGINE=InnoDB DEFAULT CHARSET=utf8mb4;

-- --------------------------------------------------------

--
-- Estructura de tabla para la tabla `categoriascurso`
--

CREATE TABLE `categoriascurso` (
  `idcat` int(11) NOT NULL,
  `nombrecat` varchar(30) NOT NULL
) ENGINE=InnoDB DEFAULT CHARSET=utf8mb4;

--
-- Volcado de datos para la tabla `categoriascurso`
--

INSERT INTO `categoriascurso` (`idcat`, `nombrecat`) VALUES
(1, 'Bases de datos'),
(2, 'Desarrollo de aplicaciones'),
(3, 'Php'),
(4, 'Javascript'),
(5, 'Uncategorized');

-- --------------------------------------------------------

--
-- Estructura de tabla para la tabla `curso`
--

CREATE TABLE `curso` (
  `cod_curso` int(11) NOT NULL,
  `cod_profesor` int(11) NOT NULL,
  `nombre_curso` varchar(35) NOT NULL,
  `descripcion` text NOT NULL,
  `horas_curso` int(11) NOT NULL,
  `precio_curso` float NOT NULL,
  `descuento` int(3) NOT NULL,
  `idcatfk` int(11) NOT NULL,
  `fechapublicacion` date NOT NULL,
  `participantes` int(11) NOT NULL,
  `estado` enum('ACTIVO','INACTIVO') NOT NULL DEFAULT 'ACTIVO',
  `idimgfk` int(11) NOT NULL
) ENGINE=InnoDB DEFAULT CHARSET=utf8mb4;

--
-- Volcado de datos para la tabla `curso`
--

INSERT INTO `curso` (`cod_curso`, `cod_profesor`, `nombre_curso`, `descripcion`, `horas_curso`, `precio_curso`, `descuento`, `idcatfk`, `fechapublicacion`, `participantes`, `estado`, `idimgfk`) VALUES
(3, 1, 'Introducción a las bases de datos', 'Durante este curso conocerás las bases de datos más imporatntes que hay en el mercado actual', 80, 5.5, 35, 1, '2022-05-28', 1, 'ACTIVO', 2),
(4, 1, 'sad', '', 0, 0, 0, 5, '0000-00-00', 0, 'ACTIVO', 2),
(5, 1, 'sad', '', 5, 0, 0, 5, '0000-00-00', 0, 'ACTIVO', 2),
(6, 1, 'dsa', '', 5, 0, 0, 5, '0000-00-00', 0, 'ACTIVO', 2),
(7, 1, 'dddd', '', 80, 0, 0, 5, '0000-00-00', 0, 'ACTIVO', 2),
(8, 1, 'dddd', '', 80, 0, 0, 5, '0000-00-00', 0, 'ACTIVO', 2),
(9, 1, 'dddd', '', 80, 0, 0, 5, '0000-00-00', 0, 'ACTIVO', 2),
(10, 1, 'aaa', '', 6, 0.5, 0, 5, '0000-00-00', 0, 'ACTIVO', 2),
(11, 1, 'vava', '', 4, 0, 0, 5, '0000-00-00', 0, 'ACTIVO', 2),
(12, 1, 'lolo', '', 7, 0, 0, 5, '0000-00-00', 0, 'ACTIVO', 2);

-- --------------------------------------------------------

--
-- Estructura de tabla para la tabla `estudiantes`
--

CREATE TABLE `estudiantes` (
  `id_estudiante` int(11) NOT NULL,
  `id_usuario_estudiante` int(11) NOT NULL,
  `poblacion` varchar(20) NOT NULL,
  `codigo_postal` int(5) NOT NULL,
  `provincia` varchar(20) NOT NULL,
  `telefono` varchar(15) NOT NULL,
  `cod_curso` varchar(255) NOT NULL
) ENGINE=InnoDB DEFAULT CHARSET=utf8mb4;

--
-- Volcado de datos para la tabla `estudiantes`
--

INSERT INTO `estudiantes` (`id_estudiante`, `id_usuario_estudiante`, `poblacion`, `codigo_postal`, `provincia`, `telefono`, `cod_curso`) VALUES
(1, 15, 'Madrid', 21598, 'Madrid', '666666665', '3');

-- --------------------------------------------------------

--
-- Estructura de tabla para la tabla `images`
--

CREATE TABLE `images` (
  `idimg` int(11) NOT NULL,
  `image` longblob NOT NULL,
  `created` datetime NOT NULL,
  `nombre` varchar(50) NOT NULL
) ENGINE=InnoDB DEFAULT CHARSET=utf8mb4;

--
-- Volcado de datos para la tabla `images`
--

INSERT INTO `images` (`idimg`, `image`, `created`, `nombre`) VALUES
(2, 0xffd8ffe1004045786966000049492a00080000000100988202001c0000001a00000000000000c2a9557275706f6e67202d2073746f636b2e61646f62652e636f6d000000ffec00114475636b79000100040000003c0000ffe1045f687474703a2f2f6e732e61646f62652e636f6d2f7861702f312e302f003c3f787061636b657420626567696e3d22efbbbf222069643d2257354d304d7043656869487a7265537a4e54637a6b633964223f3e203c783a786d706d65746120786d6c6e733a783d2261646f62653a6e733a6d6574612f2220783a786d70746b3d2241646f626520584d5020436f726520352e332d633031312036362e3134353636312c20323031322f30322f30362d31343a35363a32372020202020202020223e203c7264663a52444620786d6c6e733a7264663d22687474703a2f2f7777772e77332e6f72672f313939392f30322f32322d7264662d73796e7461782d6e7323223e203c7264663a4465736372697074696f6e207264663a61626f75743d222220786d6c6e733a64633d22687474703a2f2f7075726c2e6f72672f64632f656c656d656e74732f312e312f2220786d6c6e733a786d703d22687474703a2f2f6e732e61646f62652e636f6d2f7861702f312e302f2220786d6c6e733a786d704d4d3d22687474703a2f2f6e732e61646f62652e636f6d2f7861702f312e302f6d6d2f2220786d6c6e733a73745265663d22687474703a2f2f6e732e61646f62652e636f6d2f7861702f312e302f73547970652f5265736f75726365526566232220786d703a43726561746f72546f6f6c3d2241646f62652050686f746f73686f70204353362057696e646f77732220786d704d4d3a496e7374616e636549443d22786d702e6969643a45413537414233393641423731314541393246304133434138424634393245412220786d704d4d3a446f63756d656e7449443d22786d702e6469643a4541353741423341364142373131454139324630413343413842463439324541223e203c64633a7269676874733e203c7264663a416c743e203c7264663a6c6920786d6c3a6c616e673d22782d64656661756c74223ec2a9557275706f6e67202d2073746f636b2e61646f62652e636f6d3c2f7264663a6c693e203c2f7264663a416c743e203c2f64633a7269676874733e203c64633a7469746c653e203c7264663a416c743e203c7264663a6c6920786d6c3a6c616e673d22782d64656661756c74223e796f756e6720776f6d616e202077697468206c6561726e696e67206c616e677561676520647572696e67206f6e6c696e6520636f7572736573207573696e67206e6574626f6f6b3c2f7264663a6c693e203c2f7264663a416c743e203c2f64633a7469746c653e203c786d704d4d3a4465726976656446726f6d2073745265663a696e7374616e636549443d22786d702e6969643a4541353741423337364142373131454139324630413343413842463439324541222073745265663a646f63756d656e7449443d22786d702e6469643a4541353741423338364142373131454139324630413343413842463439324541222f3e203c2f7264663a4465736372697074696f6e3e203c2f7264663a5244463e203c2f783a786d706d6574613e203c3f787061636b657420656e643d2272223f3effed006850686f746f73686f7020332e30003842494d040400000000002f1c015a00031b25471c0200000200021c0274001bc2a9557275706f6e67202d2073746f636b2e61646f62652e636f6d003842494d042500000000001075153e45e0af444e8c2572da03206d26ffee000e41646f62650064c000000001ffdb0084000604040405040605050609060506090b080606080b0c0a0a0b0a0a0c100c0c0c0c0c0c100c0e0f100f0e0c1313141413131c1b1b1b1c1f1f1f1f1f1f1f1f1f1f010707070d0c0d181010181a1511151a1f1f1f1f1f1f1f1f1f1f1f1f1f1f1f1f1f1f1f1f1f1f1f1f1f1f1f1f1f1f1f1f1f1f1f1f1f1f1f1f1f1f1f1f1f1f1f1f1fffc0001108033604b003011100021101031101ffc400aa00000203010101010100000000000000000102000304050607080901010101010101010000000000000000000001020304050610000201030302030604030506050204070001021103042112053141516106718191221307a1324214b1d152f0c1622315e17282923324f1a24353166308b2c28325d2e273c33435171101010101000202030100010304020203000111021203213141510413617122148132425291a105f0b1d1f1ffda000c03010002110311003f00fd4e4542020557168588c1911d4f27ba3bf15450f2ba0ed202a2303288c0544a9a34188648b8250603b4a829160646e32d567a1ecf5fd39f5f6b4da2014df554c97e88e6cd6acf0f7f6f44572461a55244688d102b46a2850a250d46512350148dc4335a1a4533466ac67b88e75b8ae2be6448b5b61d0f572e34b75683a23879f1d59e4f63d3c38f7a3a9e3e9de33c96a61b23e95336aa99caa73d6e472f91bb48d11cfaaebcc79fc8756cc3a31cfa9a42be85466b8b535114b4542c91a4532454234542491622b92348ada28468ac91a348468a11a2a11a2a0345423454148a26d00a89745918914b39762c4b49b8ac8ef29a652200d366824add4320ec3ec5d316d8b32dcb4048eb5887cba98ae919f292a885538ce93f2148c9ca65d6a9337c72e7ece9c393dd26ceef3b5e3cf645d0b11662599e5665ab515b9b92aa4547dc7d19e9f862e2da8b8fcf4acdf9bea7a7d7cfc3cdeceb6be8b896142da5ee3b471ad2a2541da057244584da453463a8469b71d0d22d5100d0094401a1506804a012801a006801a00501009a904a0128152804a044020018500000181008006c215b017720255008e4007710545710d41dc80354512a800d802a40ad80aea02b0200b26056d942b0175003084920a46408c049202a9814ca807c93ef5fa99dab36b89b13a4a5f3de4bcfa264b722c9f2f8b37dce0e8502010080102010080402047f480cb68042849a08c57e279bdd1db85143cb8e9a3b4980a430d1512e2194461a342e268d06268d060942e09401923711a2cf43d3eafa73e969d5100aaf2d0948e7dc5f333c5dfdbbf2aa48e6dab9222ab68295a29a0d144a1a88943510c91b80d3434caa9a335a8cf7118ad45696a8cab65b5f29e9e5ca96ead0b48e367c756793d8f470e2de8fcc78fa7a2334ce75b513975f039dadc8cb72ed13a1cf5b91c8cc9393673b5d6472af224698a6b534859742a33dc5a9a452d150ad686a22a922a2b68b02491a456d152ab922c4234690924542345423454234682b4564b42829141a041482acfd2159ee9a8c554e7434c97ea84d32bc31753eb32e1a8af0c16c2f218ad98f762faf522c8e8db9c5c48d630e6bf99d188cd649ddfa70f368b225ae465dd72933b731e7eab32469858a748d00f73f6df81faf952cdbd1aa8b51b6bcfab37eb9b58f65c8fbaf0983185b8e9448f5c792bbb08d0db275100edd022a9c48d168018ad40d36d1a64e8020400a0081280c4a041a141a101a005200d02a5022500015009508004600614000c00c00da015cd015caea08ae579789148ef2f11a11e421a15e421a2a9647993418dfaf71a2d8dd4ca2e8cea543d4a0300100600003402b602360294068211b402b92015c900b2688aadb02b9480a64c0cb9b936f1f1ae5eb8d285b8b949f92d40fcbbeb1e6aef2fcee4e5ce558b9bd8bb25d11cfd97e5be6384ce6d001008010201008040201023fa4065b428802cc2325e470f6ba72a769e5c751da44148b868d06268d0a0d020d0603b4b868d062685060942c175a3d1eaacf4b8ecca015dce8060babe63c5ecfb76e5534736c9244556d052b40068a250d41286a20d0dc41a686915cd19ab19ee2315b8a947532ad96d7ca7a7972a171685a471f3e3ab3cbec77e1c5beb5678ba7a7973f22e25a1e6efa76e632cb74d797639b6cf7e918b44ad473326273ae91cbbfd42b24d6a6915c96869144d6a52aa923510ad685455246915491515c9150924588ada348468a84922a11a348468a15a2a11a2a50da543289740680850eba055576258c5679db352b38adc19a4c0da0c1fa7e055c2352413063228d5667dc8dcadb0cb495119c5d56ee6f9372e8832e7e5dfab66f98e5d57364eaea748e540a8d1c7e25ccbcbb7660aae4c2bef7e8ce12de261d8b315f95564fc5beacf4faf9c8f2fb3adafa2625a56eda4768e2d49aa1a06a4d137683457292a8d0a4063d4a345b5a151622a0d009400a4032401a012801a0128112814c90128444a0540200a500220000800614b29241154aea22a995f434513c8f3268a27924d14cb27cc9aa4965798d15bc9f31a12595e634572caf326831ca1a355abf5352a36dab95348d319141a801c900372006e402ca60552b880ae5751023bc97701657d174552bebc482a790bc4685fdcaf11a03c85e204fac8a15de40552bb108f9f7ddef53478ee01e25a9532731ec8aefb17e664dcf95935f9fa4db7afb59c1d48040200408040200400040201fd2023480400482335d89cbd91be54d0f2d8e9a3b4980a45c41a1701a0c4d1a03468301a1704a0028304a00f6dea74f5df94e972e87a5cc4292e740462babe63c7ecfb76e54b473688d1148d1314ad154b428942c44a1b80d0b12992d0dc457244ab144e273ad42281175a611f94efcb9d0b8b435523919f1ea797daefc3819d3d954ba9f3fdbd63d9c4d731db94e557a9e5cd7619c76c29dd96fc449f6c17d55d3c0e55da39d92fa92b4e5dfea159268d44235a15145c5a9455246908d1515c91a88aa512a2b922c456d1a15b454a4922a11a348468a8468a8468a80e25012286a142b4564aca1a3d00135a08955b469154a25884712a0c69dcad43ec8b1ad61a38f06d174f16cb5890a6a835e26b98892a2466d62c65cb6acdbd9ddf51cfcb9f5f0e3df9d5d0ed1c6a80894348f41e90508f2309bea84fb4bf4fbdfa7650d91fc0f4f35e4e9eb6d4ea91d7585aa454173011dc268a9cf526a9e2ca8ba08b06882d0d22c48a89400a40148064880d0a2500940090400a0200008101b0a1528011000006c0ae73a019ee5da11596edff3336ab2dcc8f3268cd732bccceab3cf2bcc9a28964f9934c23c97e24d01df65d08ef31a612575f89341b779d4ba3759be6b51bace41a951b2de42a1ad0cf211742bc95e24d0bfb8f31a27ee1175092c844d19ee646bd46ab3cf2a8fa93514cb335ea4d02597a752e8a6797e64d154b2fcc68ad65ebd4683fb9f31a0feebccba07ee7cc6849e52516ea5d1f9f3ee4f3ef98f51de719571f16b66d787caf57ef663aadf31e41bfc4c348000200408010201008000201fd2023480402308a6e233dcf86a286b53c963a0a44c0522e20d0a0d0603418204d4a034680d0a035281523d4d72957c7a1e98c512a167d00c7756a797d8edca99238b6468811a0d15a0050a050b04a1a883434864b43710b288aaaa70315a8550262af84743b72e74971685a472391d133cbedaefeb79cc98ee9b3e67b3e5eee543828aa9cda66bcb47539f4df31cec89a8a75eace7aeb2397912a9969cfba8a33cd1a456d160a6e2348a648a94b246a22b68a8ae48d22a9202a68d211a2c42491a456d150924588468d215a28142a050a0d000d1509245418201a50d015538ea6b50b2832ea11c0ba985fa6cba0a8c90696da536d06a57570ac4a4ead12d6b5a72211b76dcdf631bacd796e42f6eb92676e63cdd5735d5b3a300116d9b7bdfb00ec70f4b3950ec9bebe05895f5df4972bf56cc1396ab47ed5a1db8e9e7ef97d030b277c16baf73b4ae3635ef2ea6239e85d3092991489ea4d17db348d36d1a88d5046993d0080100a0180804025500372026e00a604021406c04720039900de801f511407341092ba89aacf72f12d192f5e25aac37aff5d4c5aac57723cccdaacb3bed99d5c52ee4980ae4c00a404dcc20393015c980aa6d3034dabd42ea355ac8f335a8d50c9f335a82f2fcc685fddaf11a03cbf31a15e5f997424b2bcc68a6e6569d4968c9732b5ea4d153c9d7a900791e634553c9f31a29964f9902fee7ccba27ee9f89741fdcba751a81fb928e27ad39eff4bf4fe4de8ca97ae47e9d8ff7a5a7e01647c06f4dc9b6dd5c9f5335d157564118000204020040804020000807f4808d201008115cd12ac52d6a79ba8e9112320d0a0d0b8834188346304a012804a3025180285c062b52c82d5d0ef1812812e8064bab53cfec8ebca968e15b84688a5688a5680568b1528680a1a88342a1e313a4668b88355ce066b509b4caeac8ad0ebcb155de5a1691c5e4b53c7efaf57a9c5bb6f53c1d47aa565ba92ea71e9b8e7655d49511c3aaedcc72722756ce7aeb182f30325c46a0cf345454d160492348a651284944d22a68a8492351154d15154916211a342b922a11a2a11a2a11a35108d150b428142c4148a0d004922c4a10ea5a8bf6a688aadc352a627d2f22e984767c86989f45974c32b0d8d31ab1b11b92d0cde9a91d9c6c6518f4336ab9dce5f50838237c472eebc8e449ca4cf4c79ea8a1512811a311a571a7fa901dac3b6aaabdcb0af4fe9ccdb9899bf4e4fe59b4d7b5965cacf5cec7d5788cddf18b4faa3b735e5ea3bd19d52674d645ba8d40a811750345b46e256ab46a2355be86929c0810402808e402b980aee21a15dd26ae17ea8d3115d1a62c8dc45d43a9a00b9202b9480a277284d5c56ef79934c23bfe634c0fafe634c2bbfe634c573c844d3145cbe4d18ef5e25ab8c376e36cc55679559155b880ae202ed1805026a340d2b284930140652a01646eb45459fb9a1742bc97e240af27cc6a17f72fc401fb96511df65d14dcbee9d4968cf2b8c862b77580b2bcc0aa571b2295c9942ee7e21037d0189f50a82a7a8d1f2ffba5cd3c8e42d71d097f978cb75c4ba6f9afee45fc3523c0c9d5b7ee32d150100940201002040201008040001fd2023480408802c901535a9e7ea3702867174522e20d0b80d06034020c4418250601418250b80c56a59f62c476651801f40335d5a9c3d8e9ca968e0d91a2291a2295a0a142a23458250d40544d445b089d23346512d15c918ab15b465a347a1d3966aabfd18eaaf2e2e7f53c5ed7a7d6e3e43da787baf5731cbc8b8dd4f2755df98e6644ce56bac73af4aa65a62bacd0cf3d4a28922a2b68a2b9235115ca26a04922a29944b10ad1a8299a34caa680468d22b922a11a2a11a348468a8468d211a0168504d20f6012454a0ba9516c5e8468d4ab02c842a03fd14c6ae1e18d5741a6355bc34df433ad63758c44a9a111addb51837e08a95e3b9ebcddc923bf11e7eebcf3d5d4ece4568a89401a0f6c9308f41c7c95c8c5a7af70aef5a85542e2eaa9f80a8f75e9bce94e1155d4e9c74e1df2f7189777da4768e357d4ba8950247a81a6db3711aad1a88d76fa1a64e554088101ca880ae5709ab8aa57919d5532bde64d15bbe4d08f23cc682af8d316c6ff0099745b1be5d4c37d6d3a974c2caf21a28b97513559677a8674c54ef93570aef8d30aeff98d3092be34552bbe63467b972a646793a852301580ac05602b0856c056023015801b281b800e6c00e6c211cd80ae600faa0077822b95da855729b02b73602b900ae404dc02b9142b9100dc0539d996f0f06f655c7485a83936fc901f09e4b36ee6665ec9baeb72ec9ca5ed7fc8bd558c4fad08a8040201002802040001008040001fd202348112801015a02b68e3d46a050ce28d0a0d020d0094020040051000045d4b3ec588eac8801819eea38fb1be54c91c1b2344aa4688a5682850a250b0148d443289b9116456a6e335248b48ae462b515b465a45d0d44aa321fca67aabcb8d9d24abe278bdbd3d5eb8e165cfad4f9fede9ebe239391716acf2f55de473322e186e315d90565b9a945324515491a45524515c9142346a211a348a64b52a11ad0d0aa68b12aa68a8ae48a8ada3411a2a524916211a2a11a35108d150ad1402a214068b12919621e0e82aad8b22ad8c9222af8493615a6d35a19ad46db541aad9668d866c366cd431e46a335f3fe5eeeebb23d1cc79bb72e86d84a151122a0b8f7037f1993b27b5bd18a47b0e3e93b74ecd55198b5e8b8294ad5deba57435cdcae5dcd7d0b8cbbba0bc3a9e88f358e91510a891ea20bedb372a34db91a46ab7354352a2c532e89bc00e64d15bb8a8345172e19b4669def333ab8a257cceae2b7789a2b77585346eb1a8b6378ba61e37bccb3a4c59f58be4616577cc7918a67749a633dcb8c96aaa77193424ae3015dc6508ee302b736c046c056c046c00c056c056c046c046c215c80472015c805722856d80ae402b9808e402390423900ae602b9808e602b900ae400a812a14ad842ba80526078dfb99cbab1c7dae3e0fe7bef7dc5fe08bd17be46b9fdabe58dd5b7e0654a80804020040801020000804020100fe8f915280102001815c96a73e96250c289440885c06804a012804a00008045d4aa747464400c0a2e2397b1ae55338574234408c8d42b4300a01144d40ca26e443a46e21922c409168aa462b50865a0ae8588c79571462ce5df58e9cc79fcfc949bab3e77bbd8f67af87072b22b53e7f7debd7cf2e55fbb5a9c6d758c571b6c2b3ce2c0a268a2992342a922a2a9228ada350234588468d22a92d4d211a2c14cd1515346915c91515b4508d1a88468a8468a8468a8468d215a01686900a25000d15012a150f16c6299488ab6dcd856bb5735335a8d76eeb32d36e3dce8c0c9cde6a85ad89eb437c472eebc4654f7dc6cf4c796b39a44a1505145bb340855584aa07b1e0b214ed42baca88cad7aee2b6b8292d1a6aa573e9edf889fca91df979fa76632aaf346d81022ea05b16545d099ad45d1bba1ad432bbe65d07eb798d0b2ba4d153ba345372e99b56466b971b32aa9c88175026a0400ee601536032bacba23b8c0494c82a93a808d808d808d9423610ad808d80ad942ba80ac00d808c05602b0124056d8485720615c80472015b011b011b015b01180aea0069808d3005009b5801c65e00c1d8c08edbf2015c3c40294526de8975607c53d63cbbe479ac8bc9d6dc64e1697f860e8be3d4ddf8f82382fa50caa7600010080100810080002010080403fa3e911440804003015a33d2c030ba8106850408040201000d0000803a3a208018155c39f6d72a5a38364645234452b22a6d2c0ca26a443246e20d0d20a341644a4572335a8ad9855376e28a663aeb1b91c5e473924f5a1e2f77b5eaf5fade673b37737475f33e67b3dbaf6f1c63937ae4e6cf3daeb233ca126c2ab9da491559aed00cd328a268b057246855245456d1457235108cd41548a8491a88aa48a8aa48a8ae48a2b92348468b108d152ab923415a2c4234542b4542b450ad162222885136844a14320191157da95192c6a355bb9aa338d6acb9c8dbb107ad6459ceb3d758f3dc8f212bd27a9df9e71e7ebad72deace8e4568b0000a2a2fb4eb44ca1a76b5f68475b85c8766e4549d112abdb7a7b215cbae3d9ff0079233d47bde1e5f97c8efcbcdd3b907ad3c4db072a0a0193a043a9943ab8341fa8340fa85d4c2bb8d9342b9b1aaae5202993ab205020000202b600a80373026e6006d80aea02b402b402b410924023402b0a46542b011b1a1580aea0069942b4c047102b926408d142b8b015c4815c594076e5e002fd260076bcc01f4bc400edaec103e88036792027d240070a01142bd9801c3c80548204a215c0f5a728b8de02fc94b6debebe8da7deb25abf722f33e4af894e4e736c552757502300010020102010080002010080403fa4045402010a23015a3340a1851021510094025008150820000003a3a441023029b863bfa58a99e774232552b0a5a00544b221923720342a21a10b1025d0558aa462b5145d9a8c6ace5d5c6e4d70f93e45422e8cf9deff007e3d7eaf53cc65664eecbc8f97dfb2d7bb9e319256e73e88c637a4958925a970d54eda5e44c564c869740b186e750acf328aa6582a92342a922c45724515c91a42328aa4690922c4552342a922c45724545724588566856d1529248b108cd215a2a11a2a15a280d15028512804280e5408577522a695e4a45c4f22bcd92e85f14f224b3ee7897c53cd9aee4ce5d59a919b59e4db7a9a64aca80c202283408b21a34ca35ca9b501217a8953aa03dafa4a7294ad3f14ea667da75f4fa6f16a89f63d1cbcbd3b71ec6d85b4288821a804005409b9802a00dc101c985236c2030140940200000c056040001280068014003410ad00ad015c9015b4148d00ae2c057160070978150bf4d851fa6c207d3280ed260572b34205fa69f628595b4805d8009417601547c8204a0bc10526d00b8e8026cd482385574013e9f91432b6c204adf9852fd30812b7e4026c60471f103e4bf74f99fdc7250c0b6ffcbc55f37fbf2557f05a1a9f107847d3da450404600008100204020100004020100807f4808a80402144602b334430a854428204020019040211418000789b8825118155c33d7d2c52cf3d6cad11a2b430448034352209a10a21442c4a562914dc924aa73eae372389ca66ec8bd4f99fd3eec7b3d3ebd798c9b972fdca2d7c8f93df57aaf7f330f678e696e9aabf03af1e8fcd67af62cbb62105d523ade246675ae5e55eb716e9ab3cfd58ebcc736f5fad6872b5d2462bb36c8d33cd9453228aa4582a914572348aa4515c8d22b9160ae454aae46915c8a2a91a88ae4545724588566856ca84922a11950ad150ad1a40680142894281408568a2a99a8cd5136cd466a9932b2adb285915921406542b2a030808d078ea445b08816a97ca978052569717832a3defa412db6df83a199f69dfd3ea3810f922fc8f44796bad6d562bc4d32b522a0aa150408c056000200a006801400500940814003400003400680140250094026d600d800d800fa6101c004768291db015db450bb3502380426cf201650f20028f600b8942ed2049c004d800940a2b70004a3a009b3c808e1a74015c009b34015c0226c01767903476001a016897701254084744158b95e42ce071d919975a50b3072f6b5d17bd964da3f3df2397772f32edfbb2dd72e49ca4fcdbab35d5f9232bd5d3c0ca88000804008100804020000804020100fe9011500804288fa00199a0195411051440201000c004042832000344dc4314402b993a58a9a3cf6370ad131428304a1704a1a10a23001442a166e885a460ccbbb62cf27bbbc8efebe5e4f92beeeddda99f07dfdf957d3f5f3916e1635ab714e5d7bb3bfa3d527cd63d9dda39594a316a2a8bb33a77ecfd273cb89937ae4dbd4f2756d7a399239d7612672bcba4acb72d48cf8aeb35c84913159e699554c80aa46a0466a22b944d0a6680aa454572342b91515b35115c8a2b91a4aae4545722c42328466908fa1508ca85650195028544a0076801c4ba1248b119ee1b8cd6799a8cd5322b24650b22b2465019590650a100d0b20aba106ab70d3500c57cce3ee02bb91d553a951ebfd1f98a2a306f552467f29d47d7386bdba09791df9af2f51dcb71f951b61650a250a894023402300006800a00280468225001b401b400e200680140038803601368054403b408a00070022880251011c7c80570f20176142b810070654238052bb610bb008e250bb40570013600b28e8023880ad2f1084a2003da02b680572005400d802a02b015d404901549808d847cff00eeb734ace1d9e32dbf9aebfad77fdd8ba417be5a9ae7f6af9578bf022950040004020040804020100004020100807f4808a804021440010030a8110a08100800001012280000689b818a88024ba12aaa671ad0508a140a942814288c2030a0501ba0d154de9533d5591c5e4eeb69a89f33fa3ab7e9ecf4f2e24312b3dd27a9e0e3d1f3b5ebbec696b6c743d539c71d61c88ca4dd4e3dcd75e582e59472bcba4acb7525d8c56e334f6f733ad335d845f42558c776da338d325c891544ca2b6cd44239145336515c8a8aa4685722a119a88aa4515c8d2556ca84916211942346908ca846542b2a014068a8880298024c0aa72351144cdc659e66a3354b2b256585248ac919406542b2a0040342eb3f9979906eb51aa209720d49b4ba815a5575f0ebec28ebf0737632e147a4a49fbc952bec5c0de4e107fdb53af0f2f6f5b6a35b69af03b399f6944da1136801c40571016801a012800a012804a040a002800a003681368036803680768054403b009b114470006d0238a1813680b28a006d48a85680569008d20124d008da015c80572011b6023602ba8424aa20add4a12440ac056c05a81009a001d0a15b402b60572605536445529a8c65293a28aab6fb20af847abf979f29cd6464375b6e4d5b5e108e91fc3537d7c7c11c39765ef32a80002011004080402010080400010080403fa4045402010a2000814c289042a214402104021141800080344d72531a4401244aaad9cab40450600288141840614ad808d935719f22ed22ce5df4df31c8c9f9e4ea78fa9af4f359dc1233e2de924932e1acd76dd4e7d70dcac37ed781c3ae1d39e992762a63c1bf267b98d4d49fe4d4ed8ef5968c5e1a9d325cb52d7433e2d6b1deb4fc0c5e5a9592e4098acf3542aab91622a9328ae4691548a2b91508cd4457228ae4cd44aae4545722c4233500654aae4588466908ca888a8804a010049160ae48d229b86a32cd3ea6a32aa4564aca94922a10a032b256501840468596dd1a20e858d481aec9aa3f060550ff00a94f128ec7176d4929d3e68349192bea3e99cafa908a7e1d0ebc3cddc7bac09eeb69773b471ad5b4d205008d00ad008d002804a012804a012804a040a002800a002800a00009402200941aa00d4a15c900ae40072a80ad842b602b602b6023602498154980ad80ad801b0695b18846c056d1424a4057260572640929008e402b9013700771446c056c215d42ab9015c910799f5ef2d1e3bd3d7a2a5b6f657f936fc68d566fdd135c4f92be233939c9c9e95d7dc2dd522d5b64100015020810080402010080402000080403fa3e88a20402010a01021ceaa5403500810a884540054000402020a35c94e691180b202a7d4e55b2b208c280440b0010185572666ac57726a28cdad48e6e4deea79bbe9db9e58a7711c6f4eb228b970c5e9a915a989d2d88daa6a7488c976156d9caf3adcacb7214338dea9946a8b86b25eb663ae5b959676fc8e7796b592f5933796a560bf6a8ce7796e561bb0a18b1ad6599155499457266915499457265456d9a42499a15c8b10922a2b91508cd40acd3348ca11950a690af46105004283a042b284916233dc3719acd335185522c429a4a49150810aca80ca15962200d17a846ec49fe0456d946dcd38befdc2b1b8b85c55ea9d1951d5e26f6dcb56dfe59ebf03347d1bd3d7236ee463dd9be2b876f7fc75ca6d3bc70aeae86d90a011a015a012480140250094025003400040a001a005005600600600a802a04a806a501b015b015c800d801c8a15b080d808e4024a4057290154a402b9102b914072085a80ad852b6c211d40560572405520aadd405550192087484128501a015a011a20ada03e3ff0074399797ccfeca12ad9c45f4e9fe37acdff089bfa83c3c9e9edd0ca82d1010080402010080402010080402000080403fa3e4544c02040200ac047d4e7d2c132a834c42ea21440201008040620548bd4bc9561b640012e8054fa9cab70a40181008140a40645553924aa66ac61c8bc70efa75e639f7a553cfd5768c7393a9e7b5d611ea314ad246b046d50dc455392a0d565bcd3315a8cec4525d85516c2563b96f531637acd722a8ccd8b2b0e45b39f51d25737261438f51b8c1716a61b679015499a45726515499508d9a423668572658c924515c8d2159620335101c4d622b922e22a65418eba145cb1a528d575186a892941d24a8c815b0054a165d0b119ae33719acf235185722a22b536ab435225553542a2a622032a159500b0408851ab1a7b269f67d462b74a5a551305573e7f997b1817e2dc6aec24ba928fa5702f72b535a55265e1cbb7bfc06f627e07a23cf5dc83ac51b60c0060068056801400500940250094281420140034100295842b0158000000a812a02b91406c815b005405288540602340249015c901549102b41428544680142a15a20568295a0859202b9202a920aa9a00240324129d2288c05602b02b93039fcdf256f8ce2b273ae3d2cc1b8f9cde915ef909368fcf7997ee5ebf72f4e5ba736eb2f1937593f89aeafc9199eb2a76465518100804022008000804020100800020100807f47aa45102540204602364a11b395ad4426a8d40854129881100817100951aa0d935113d4bcdf92c3a3ab2202c9935553ea73ad4066540a88142a140049cd4512d58c39190b5d4e1df6ebcf2c176f559e6ebb769cb3dcb95e873bd37233c8c3508e414929145539b1ab8aa52617154eac0a69a9629a9546e32cf76d8bcacac57edb5d0e5d474958aea39d6a39f970d0e5dc74e6b9b386ace78deb35d80c5d669a182a9145522a2b6588591a456d9a42499622b668232a0296a6a22c54a54dc64b3897119ee45a01212a491623bbc7598dc4a9a9db99ae7d568cbe0dce2e515ed1d7a49ec7072f8ec8c797e56e272bcd8e92eb1d48249e858334cd315538b6e91556fb1a8cba3c7f057af3df35a1db8f5dac75d63a393c32b369b6a94477bebc72f3798cd8a8dc68f3d8e918d800a856c214a09512a05d6649e851d0b72dd6d20a6b76ff003c5f7e9ee2036adecb917d957f80c1f46f4d5f87edad55f87f31c39771f46e32519dbf72fe0778f3d772caf911b6165000e200da02b8801c401400500940050a25005a000805000d00ad00ad042d000d0028006805a002800680140050a250a80d00ad008e205724054e240bb401b408e250ad150ad102b2856024882b9015480ad91411432082582301580ac04a01f39fbb9cd7d3b38fc55b7aca97ef7c5c6daf8d59ae7e268f954dd34fe954f7b32b0915a5408044040200408000201008040200008040201fd175751e4ff675f13c6e23a73ed952f27524749d338352ea036342b663aad485a9ceaa200806a5442885d109a20d1000d9141b1a0549aa7523a73d3360b91ad4c2b666d590861a00001028142ce6a285b839d959495526797d9ed76e3873aede9499e4ebbd7a2738a64db31ad2b9364556db2a9243056c2aa914232a919456d170046a25171aa3788cd7acaa18eb9595ccc9b5438f5cbacae6652ac7d872ea3a473e515b8e78db35f812c5d64b91260cb30aaa45456cd04932b2ad942499a456d9620366915b287b73a33719aba31dfa2f71b91909e3bdbd3546bc53586e45c646715d6e132146e28b7d7a33b7aeb9771eeb8fb76f220b4eba35e67b799af2f57133381b776db4e15275eb94e7d963caf23e96d5ca0a8cf2f7e8fd3d3cfba3cf66719958edee8b691c2f367dbaecacf8fc6e564cf6c20d2f168df3cdbf4cdb8f4fc3fa4545c6772357e67abd7e8fcd79fbf6fe9e9ad7136acc3a50f54e5e6bd383ea094630925e067a6f87cf39075bb23c7d7dbbc616c80142b6540a812a540a950d095181b6ddda2415d4b305720a5dc2a5fb5b609f7ea8b626bb9c0f23b15ab6dfeaafb88cf51f54e0b394adc75ec8ef1e5e9ebf16ec656e28d30d14025001408568296800a0028502800a104a00b4006d089b400e202b880ae202b8801c400d00ad002800a00ad00000ca01501801809202b901532056140a80c05610ad142b44c0ad015c90092405528808e0454da5076844a1406800c0568049384212b936a308272949e8924aad907e7df54f312e539bcace93ac2526edaf08fe5b6bdd13a75f1f08e14aba2efd5986c7b040008100804020018100804020100004020100fe87a91f1f5ea3299ad4c3c6e799d79f6d8cde4eae1da7b59f14de5ff43137549e4621432654102144089502540815000d93429357108a899341dc6a749805d02a141b28800a801ca8aac0c3957dbd11e7f676ebc72e65d6ababa9e4e9e88a5ca263634494e235715ca686ae11b40249a2aab90c15482ab6508ca159ac0afa950eb53a4669670aa161ae7e4d9a9cbae5d2572f2b19b8bd0e3d70eb3a716f2945d19e7b1d628b9f346a1592e2260c9756a4c5679328adb2c457266908d96212468552658856cb10686e440716997116da9d1a3a72cd6daa942af53ac7373f26d6adaf718b1a95562dd76ee27d28c73f095f40f4e64ef8c75ea7bfd77e1e4f647ad8d1c75d533bbcecb91896a5ad3a99bcacae66470d66f4be68a7e073bc4749ecb131b82c7b72aa825e65e798cf5ecb5d058f6ed4745d0eac6b0e6ddf95823c473f7ff39cbbbf0edcc785cb9566cf2d7664602b610a510a80d9512a04a817426f403bdc7cab6d44b16aeca69420bbeabe25acc5bc54252bebfc297e2490afa47097e769462fc8f4731e6eded7033934b5358e4edd8bca6882e688a14015a080d052d000d040a012800a013680368136801a015c40571015ad40568056805602b0000ac0560068a050a894016802b405728808e202d08a1408568a11a01584294068811a02b68046805688050a25008d142301580a0795fb93cd478df4ddcb3174bd9d5b31a7550a6eb8ff00e5d3de5e3ef47c32f49ba27a37f3cd7b7a2f72148a56aea46858444802040201008000201008000080008040201fd0a4d9f15eb1dcc9a60a98f23055c353a30d199be7a66c5899de564e8e9104a86a9512a012e88040054680d900228366541b000532622254d00ca2002a0028cf9177b1cfbadf31ccc8bc91e4f676efcf2e7debacf2f5d3bc8cd3bd2397956f14cafbf1279af891e43f11e6be25fdc1a9d9e22b20e93a67c47eaa66e54c2b66a0566a442b2e05650aca1a0cdc6699aa9bc659ef40cd8d4ac37aca662f2dcae2f2185ab69753cfecf5bb71db93383b7269fe5671cc74d67bd0161ac57635f699c563b8898aa24cb02499515b6690ade8582a932a52a7566a22c4e8b53719a29574f81a9101c686b11aecdcf9157de758e759eeeb26974ea89558e7249b4647b0f48e43938a3d7e8af3fba3e838ff0035b5e27ae3c959f25bdd4ec4a16ccfe7499cf56c69947c3a7546a32cf7a2e86c713916e317e62b51e239c7a3f3d2870eddf978ecb5f3b38574646408d950b52a254a15b088984102c875415d7c3bfb20bd8582e9e4a9d7fc25b47a2f4ce0ca6d4a4b5934d9ae26b1ddc7bcc6c75169afd27a398f35ae9626438492ae86f187a4e3f22a96a66c1d9b6f744c50cd1023414a102800a002804a012804a001a005008d00ad00ad008d008d002802b402b402b4006801401685826d2a06d0038808d00ae2056e202b8900a142b4023880ae210ad00ad008d00ae20238852b8902d02050a030124508c0096a07c57ee8f39fbff504f1a12ae3617f9314ba36be6b8fdf2f97dc6efc447879b7ab7d64cc35012d0080148080402010080060402010080002010080403fa11b8f876bd80e462f4b8573663c9713ea167461e170ebc74cd8d1091eae6b162d4ced19a353482131018352a25409502542e036450640ad9141b251132028d209a80144a800a2bbd728a867aab239f91774679fbe9db98e5deb95678baaf4f319e6ce75a8cf3462f2dcaa268cde5a5136d19c6a299489aa0ae9b952c3c6f1d674cd8ba17133b7358b0e748c833415a2a15a2e091ea6b94ab92d0e8c2abb12584ac5723a99c6d9ef598ce2d3ea4bceacae3e6e0f5d353877eb76e7b71322dcadba3fca79ecc75958e714fa131596edbaa64c358ae41a262a99328ae4f52a15bd0d445726542c7566a255924f6fb0d323626bb9be529a6eb2a2ea6917dab6fe948e927c33544eada6bbf521acd956dad7c4586bb9e97c8d97a2bb1dfd15c7db3e1f48c3ca4e313db1e2b1a2e437adc85456acd598bcaeb442da48d4e59b499096d66c79de61a5174335be5e179ad5b3876efcbc965af9d9c2ba314d9115b6502a54065406c01508298164581a2ddd9254415d1e331e791752ea9b2e1afa7fa778e56edc6ab548f571cfc3cddf4f42ada8c687572d48aa3d088ed7157ba2151e9716558a3162b43464249102b400680140050034025009400500560000301180ad00ad00ad001a015a006d015a003880369a1368406805680568046805680468815a28568046805680568211a015a015a015c404922292804a150ad015c80ad9473bd41cadbe2785cacf9ba4adc1ab4bc6e4be582ff999799b51f9d32ef4ef5f9ca5273949eb27d5baeafdf2ab2f576ac6793acbc96865a4088807a5000040200008040001008040001008040201fd034cfcf6bdc9533680cca96ac29e0cdf159ad36d9ede2b157459de399d33483528801a944a812a00a810815b22836006c802640c996026900d09501652a2a95718afddab3875d3a731cdcabddaa793dbd3bf1cb0ca553ceecae4c2ab90553244c55372266f2d4acd72262f2d4acf36d196a13ead0b3a30f0c8a33af3db3796ab579347a79e9cac5ea499d5846cb10acb822ea6a445d1554748c52dc8e8cb8315c8ea631a955388c5537acc671a32584ae2f2181d743877eb76e7b79fc8b12b73755a1e7bce3b4acb3885d66bd6ea8961ac176267154c935d74af89644b56e662ab31b372dca53b17e1baddc92a3dd1d271ff0085fe075ef8f1ff00a5639eb58a4cc4686dbd4dc4ad53a7d24d1d186452a4b4e8c9156da7baf2f2373ed9aecc2c25665db4d0f449f0e56b9373e49b5e6ce6d0656d76a0fc4b7e91770f270bc9a74d6a6fd5f6cf6fa0f1b7db8c5367b7978fa8f458d49451d6395689588ad50c4d56e0e3d060a322bb5e808f3bcb46b1969a98ae9cbc37351a3670eddf9790ca97cece15b619bd40adb080cd20001840a804a1a2c0bad55c925d5e841edfd2b8905383923afae33dd7d3306c423654a3d19ea8f2dad32d4acab4a8c0db81371b8bcc23d4e0dcaa4668e8f630a468c85a002800a012804a01000d002802b40068056800d00ad002802b402b400680568056808d142d00942a03402b450ad10234023414ad1023410ad142b402b402b45423402d000d1023402491155811950ac415c8a2b6b520f997de2e75c16371169fe55fb8bdfef3ac6daf72ac8df3f1347ca1ba55f8688ca950510868a00b000100804000100004020100800020100807f401491f9bd7bc6a401b015c8cdaa319ea5e6fc9634da91eef5d73ad1167a7973a74cda0d409500d4a8851009520150a0d902d49551b20880352c4135102a6950a3364dda6873efa6b98c176744d9c3aaed23997ee56478bbaf4731439188d11b2846c29194572431544e35162cacb76073bcb72b2ce2d1cef2dcaa5cda22aeb19146b53bf1db1d72df6aed51ebe6b858b771b8c8ee34c8c5ea6a2344168748c549c7428c7763a99552e23148e230517ad29aa3258b2b8bc860269e870ef875e7b79fc9b0edc9a6b438de5da564bf62e4719e55c8b862eed8aeb5f2b97f4c7fa9fb0978b9bf859d4dcfcb8d7f2b73a5b5b578bea72d6b19dcabd4b0ae9f1b28e6589f1971a52baf7624e5d237974f74ff2b3d5ebff00bf9f1fcfe1c3bffb6f9393721384a509a719c5b8ca2faa69d1a3cf8eaad3a33511742e36a8fa1b8846a9a845b810dd7abdba1be3ed3a7aa858ae2f4d51ec93e1e7b7e5e6f908384dbeca479fa8eb156d6ec26fb3d0b11b38cb3f3c5f99d3d718edec70db828d4f5f2f2f4f4fc7dedd13acae363a8d56299a609b585557adb71148e172b8adc24e862b7cbe77ea18b8c9f89e7ede8e1e33297ccce2e8c32ea0230856540080c08510a831036e242ad35d6a457b9f4ddd85229e875e18e9ef3032e91517d8efcd79fa8e829c64b436c2752a2eb12a4901e8f8eb9548cd83b969d6262aa34642d080500940050014023402d001400340068056800d00ad0028006805602b28564000560034204068056805680469808d1024905250442b450ad001c405712a11a0169a801c4811a02b9222aba010a8460249015dd9dab36a77aecb65ab7173b927da31556fe007e71f53f2f3e579acace9b6feb5c738a7da3d211f741237d7e88e3c9f45ef665500880b52a47da00a0100004a010000400010000402001010080403f7da91f96d7d13c59a8546d1a424998aa1196a27dab5da67b7d4e55a62cf5f2c539d191a844a806a01a9512a512a402a452b00364506c822642993d0b106a6e086825c9ed8d45b848e7dc9ee91e7b76bb48c797736c6871f6d74e239939559e4b5e8908d808d85236201534165a97057245c145c8546352b2ddb673bcb52b15d8d0e57974959d4dc64667c2b76364574a9ebf5f4e3d46d84ea7a2572b0db8d21e13ab3719adb6fa1d639d34968567596e475235aa6510aadc40ae7120cf7ad292a3258b2b9d1f4e66729912b1896d39456fbb393a4611ad2b264e7d17bb91abee9ccdaf1feb1b16307915c6d8bff00b9b78d04e776bf2fd496b3dabb23cdfd3cce6f8cbaefe8eaf53c9e72724d9e57756d9625185c7192927469f53a7372eb366bafc94219f8d0e4ed53ea7cb6b3a2bb5ca7cb73d934be27a3dbccea794ffd5c7d773fedbffa38b76db8b3863aaaded681166edd1dabde691bb8cb4ddd8fb4ebc467a7b4c6b0a561c5e9a687b799f0f2f55e5f9cc75173f0a9c3d9cbaf15cf92db871f6999f4d3b1c1da53943c53d4edea72f63d8471691d11e991e6b5bb8c9b4d266a567a8f416f5b699b7218ad408e0073393b3fe5c89563e5fea8b74bd23cfdc7a78af0f954dd238575619aea114b015950020010d2084341393a20aed719c7dd9c94a8e8cb392d7a5c2c4bd624a9dbaa3a6633af59c6e4ee8c5bf6337cb974ed59b8f43ac72ad31954d32bad3d4a3b9c65ce889623d162cab1473b157b4654ad100a002800a100a012802b003400015a0050056800502840ad00ac0560068a15a200d142d0a0d0203402b450ac811a015a011c4291a0856800d00ad150ad008d00b4006d64036015cedb02871a114aca52c8a84641e2feea73ab8ef4dcb120ff00cfe45bb5e6ad47e6b8ff00847de6b8fd95f0c9b6dd65d65f3488aa96aeac288434155816b550a0d044a012800005000000200008000200008040201fd005852fea3e1ffe0f5fb7bbfd61d624bc4bff0085d27fa4478b2f12ff00e1f47fa423c49f89ceff001f4bfe90ab16e27d4cff00e2f4be71a6dd99aea7a78f4f518bd45b1aaea779319a7a9b8c8d4a0d408106a01a9406c00c80361409406c8a09903a658ca6f8a3702bbd145f28b8cb9390a863bee37cf2c6ae46adb38cb1d318336eee7a1e6f6f5aedc46172383a95c8a15c8a15b0054a054dc4a0f5468572430d53721518b2b1deb263ae1b95cfbf69ea70eb8749555abae32a3ea38b8b63a78f7b747ccf67175c3a8bdcce8c0dbb9f31a895d2b324d23bc71ab5c950d32cf3d59148e20d57280c3554e030d53283262eb9fcc7faadbe2f29f177a56b2250f9943ace0b5715e7e04eaf525f1fb5e7c6d9e4f94ce727272937272d5b7aba9f2adf9f97d1557551d574631153652827a9a8cd74785cf86364385f49e2de4ede4c7fc0ff0052f38bd51eaf475f8bf55c7d9cefccfb4e5702ee3e4dcb126a4e0fe59ae928b558c97b518ef8b2e35cf5b35cc9635cf0318d1ed58bb5a456acd4895e9388c19476ca4a8fb9e9e3971efa7a9c482db4edd8f4f2f3f4e073d8ebe75dce7ec8df15e56fce9636f99c3f0ecf4fe97b2dca0cf4faa387b2bdb46dadb43d31e6a5c7838dcf7907731e4ddb371ce9aad30867291462e45cbe9bd3b12ac7cc7d58be76e9dce3ec7a3d6f9fe669391e7aecc3264454ca52b080c2032a2144a847438ac577af25435ccd2be99c0f0719da5a6bd8f4f3cb875d3a593c4fd355a0bca4e99b16b6ef24fa3d29e662355dfc77589d5cab4c19517da97cc5475f0269491a65e8f12e688e7d458de9d51ceb40d102b00100023400015a00300500568a03440ad001a00500568056805a013694071200e2581685128101a285680568815a006d0038301256d815c9008c0468a80c046028008214090144a230d5328d08aaa410295607c27ee7f39feabea9bb8f09d7130bfededd3a521add97be7a7b8e9664c478bbb3dcdcbfa9e9ec461a840a2116da5a540b5474026df0026d0035a00ad00ad002800680800000100004000100807f4554224c6b476c7c061a0e11f018695c22fb0bcc5d4fa50f033fe70f2a348aec2f317692515d8e5d72d4a539e349500810095082512a00003645064506c80548aa6e6425dccde9672cf732df6337b6e70cf3ca9f898bdb738513bf27d4c5e9a9ca995e9233e4d78a8b9f318bf2d4679c4cf8b5aae4da26291c82a54b10ad9a8254d412a6a203d4d2125102a9c132e2eb1dfc7ad4e7d70d4e9cbc8b2e2ea8f3f5c63b73d1f1af6d68e9ebe99ea37ab89ad0f4c71b014e922a3a18d7aa8edcd72ea344ae68746156fab22e2d5a9a651c0d626ab95b261aa270186aa758b4d68d6a9857cebd6dc12c1cc59b8f0a61e5b6da5d2177aca3ff001754783fa7d59767d3d9e8f66ccaf2ef54e2cf3c7750f4742216a69054a9ad3a1b8cd7a6e2a70e530a362745938717f4fc6763baff0081fe07b64f3e77f31e7bff006dff008ad12e2ad50c7835e67c4e163beb435cf0cdeddcc7c08423d355d0ef3971bd3559b2d3372336b95cd62d54993be578af059317fb9fa2bb3aa3c967e1e98f7de97c271b10935ad0f67ae7c3cbedaf4b1f03ac705b6ad27366b135d4c682a346a315638ae84b405133e429ccb3bad3d0d8f9cfac312909492e9a9cbb8efebaf98f2506ae33cb5ddcc910232a16800610acd225421adc7749203d6fa6b01b9c5b5d4f47af863aafab70b8ea16e0a87a1e6ae87238d1959aa5db52584af357b19abb54bc19cac74d7570d7f96748c5694a810f0951951d3c2b9f323511e830eee8912c4756c4ea72b1a8d1f49b5a18c52bb52f01815c24bb001a600a00ad0c01a20142814005000d00ad102d0a050803402345036880ed015c40568a050094085680568056801402288076942ca21144e245532402b4508d110b240250a050034016480ae4bc80a6680a25d40e47aab9a8709e9fcce41ffd48c3663aeeeedcf960be3afb8bccda3f37ce6e7bee56b2b8f6464fabef27ef1d5da33c9d65e4b45ee234803208ba1d80b92a80ca1e2803b34d00470f2015c4046b4f2016800a0028046800d0029a002800a010000403fa2a82980802a0080ac95a846ce7d3508ce55b4a904a806a04a806a04003003200c8a0c0a6f5cdb133d5c6a4736edeacba9e6eba779caa6db32a4932558adb0a495498aaa6c62c56da0aae493262eaa9c1f6278aca4d508a952a054a057435101ca8cd226e450af53484945318316463a6998eb8d6e74e55eb52b73aae879ef395da5d68b17f4a33b71d39f51639ea7465a71efed674e6b1d46b9642da75d73c677934919f25c6bb17d48e92b9d8d71699d2302e152e229b96c986b2dc8502b0f21818fc8615ec2c85fe55e5452ef192fcb35ec667ae27532b5cf579bb1f22e4707270336f6264476dfb12db35d9f835e4d6a7caeb9bcdc7d1e7ad9b18eeeab72f7928aaa00aebe26a23571d9b7b0b2eddfb4ab72dbdd14fa3f14fc9a3bfa7bf1ae7ece763e816158c9b70bf675b3796e877a78c7db17a1ecbc3cbe4df631925d0dce58b5b2108d286b19d328c5151cbe765085872ef4275f4d70f038b6164727bfb54f2f337a7a7ab91f49e2ecc6ce2c687b7998f1f57e5a9cdee2b0d5627aa7ee66a25746172914d7634c8cae34ce7d555b6e719a54ea6625597215b6d33b465e27d5588a566e69d5331d4f875e2be3fccdadb719e5e9ea8e1cfa9908102810aca10a8811a31127717b4d41f40f4cc13db45d0f570e3dbe91c52f9227471ae8df86eb2c88e2dec46e7d0ce35abec5ad915f02a2c6b52a001ab16e5248a8ef62dda24ca8eb62dee9a98ea2c75f1e6a51322d71262e9251182b941130572b64c5238b0168401a005000d00ad0c0ad00180180ac0560448a0d000e20572400a0028101942b012841280151286710849440a2680a2488a4680568a11842ed026d019440594514533480a2e1050d5581f26fbd7cf49dfc5e16ccbe4b3157f212ffdc9d55b5ff0c2b2f79a9f13fea7e5f2fbcd42905ffa71dabfde7ab3246741a10868816c1d00be0c0be0aba80d4fc3f028576e8fa6a882b942b5f1015c3a53b7702b92ec026df7801a0050014003400680140234000001fd0e5908ad6195f430c32bc862627d54317115d40c4734422b948e5d57490b538d6d2a01a844a80403528950036401802a452b74441cecbbfab470f674edc72c6aad9c2475493a2348aa53465a23b890d5c533bcbb135715b954292520029944d197024a05f1355b8b44f15d231822753510268b82a6da0a8a66a21aa8d2124932a316563a94598eb8d6e74e3dc9fd2b943cdf55dbeda2ddd5349a3b7358b17c649773718a7fafa1b959c533b9f37525a35635f6a874e6b1d474ec5f476e6b958db092923a473a328551713596eda258b2b1dc851931a793f5ef05fbbc1ff53b11ff00b9c48d3212eb3b3e3ed87f03cdfd1ead9bf977f47b32e3e6f5a69d99e08f655335b58c0ad95944fb53ccd44af55e8ce5e36ef7ec2eaff2af3adb937d2eff00fcc7bfd1d6cc797ddcfe5eee109459e8701949ad682a33deca515a93571e7399cebb90fe8c1375fc0e5df5bf0edc738cbc4f16eddd7292a77a978e30efa7a8c1c8bb28fd371a25dfc4ed2b858e8420e9566d8abeda69151d0c59292a78958ad7fb7ac1682f29ab2d58511394b57b8adacd623cc7a871b7599e9d8cf51be6be2dea5b0e17ee2a746cf2771ece5e5a6be668c2968111e81092348ad84448a3463d77a2c47b9f4c5eb89c6291e8f5d73ee3e9dc4b6e11a9d5c2bb6acb947a69e056545ec4a3e9a970d512b4a2a9e04c5d53288153405969d184aec635df9122a3a18f90e2e9533563bb837aa96a41d48ea8804a2115b8852b8930d2382261a476d131743e99151db015db015db0125002b71015a205602d0068a286a00ae205735a808046542b205650a410a1a2807a2a15093480cf72888acd2ea408c0560232a0a415281068515cd3028b8419ae30336464d8c5c7bd957e4a162c42572ec9f68c155fe03347e68e7795b9caf3595c8deaeebf72579a7d937f2c7fe18d11aeafc8e5ce4dbd7af57ed665a8080210c8064c0b212a01a6dcd35ab02f8cabafc68033557d3dbec281f49f54bb7520ae76eb45e1d4a2a70d3c4811c3de02ca20238fc405680140050014005000d002807ef78dc9f89c76bd38b23727e2cd6d4b16c673f165d4c59194bc5950ca52f1083ba7e24bab12ace5d350c99cd52a01a941062041a9440254004019159f26eed898eae35cc732759cb53cf66bbcf824e518a17e17ed9ae5f473bd3739679e41caf4de2995e6c9ab80a55350a6523a464ad970237422a291a43299a886d19a91154edf744f15d52ea9ebd498a2a5535109380b0959e4da64518dc3503396869953765f2b0479de4d38cf723c9ed8f4f1556264b4d55938abd4742372a8ef1caa3b854c26f6d9517da9d0df2c56eb37a943acae763a38f7ced2b958df6e6a48e91cea4edd4b86b1deb266c5d639adadd5269e8d3d534f469fb498d3e4deafe0bfd279371b4bfecf22b7715f82aeb07e717f81f37dfebf1bff000f7fabd9e53fe5c09fcd1f3471745352a054a8b6d5dfa77233555469aa78ad6a75e3acbac7535f5cf4bf291e5f8c85d969936d6dbf1af7f1f79f4f9bb35e0ee78dc752e63d63d0b8ceb959b87725551473ea3a4ac58fc44bea6e946ac9cf0b7b74a3c4ad1c57b8e939ac5e9bf178d51ec6e72e77a6a9e3a8ae86b19d50d508abb0e4d5ca7832c4aeed869c286e399b44006c0e37316eb6e5ec256a3e3deb2c4a644e54eba9e5f647ab8bf0f07761499c5b470f96a514c8211951141b08b218f3949248a3b1c6f0b76e4e2e874e7866f4f79c070f2b7b5b89e8e79c71eba7bfe2f16891bc72af4166cadab434c92fd94932e239d7ad91758ee44caa8920a305a846fc79688a35c64e828ec71797d137a992bd163dd4e24b1173a190ae2552b884070614bb1900d8c8a9b4815c4049202b9222aa9202b922056805a00c8a0801814cfa808042a15902b0050029143240350a849a0335c445679ad4811a015a284a10148a875101b615155c88565baa8064b841e0beeef3bfb0f4ec38f83ff3b93938dc5e166dd253ff0099ed89ae3f657c32526eadf593ab66555770a28028219006a032603c67402fb7780d36eec5eafa78016a69fe57ee28938aa51aa57a2eaea054e156e9f102b943c7f020adc194238fbc0571d49815c4046800d5008d00b4003407ef08c99c23d75745b3518aba06916265432654a6258413974dc439d5102005006a541288040254981672a26c95639d7e6e527e071ebe5d798c97af4608e5d758e926b9d7b25b679baedda72cb2bad9cf5d3154ae1170bf5040d1b874952c5aa4768c54a950acb815b0229143a91a8cd58a8d1b884b96d343c4d66946517e4671ad452eccd22bb90aa1612b34ab1663e9a185caf53512c2dcd4d239b9d8dba2f439f7c6c74e7a70e5176ae53a1e5b32bbeeb758bea50f33b4ae761dcf434ca466aa58956c666e3157dbbd4372b363758be7595cec74b1f23a1d79ae5637c26a48e91cc2e414917060c8b3d5a336352b83ea1e161cc7177309d23793fa98b37fa6ea5a2f64ba3397b7d7e531d3d7df8dd7c76ec2e5ab92b7722e1720dc6707a3525a34cf996657d0517151d574640b52a029763712bd07a3f9e9715cadb9caaecdc6a190abfa2bd7dc7aff009fbcb8f3fbb8d8fb2db50bb6e3720eb09a528bf267bb1e20962c5eb41e29a8b120bb17c4d3c6ca4c626b45b8ae854a972d550473efda69931ad2d854babcc15dcc67a2371ceac92d4056d9460e463583f612ac7cd3d5bc7bb92934bb338f71df8e9f31cec695abad49773cb63beaa8a528d00cd72db4c8848db6d9623a387c7caeb545a1d39e752d7a4e2fd3d569b89e8e3d78e7d76f5bc77076edc53da74c72bd3d061e24614a22b15e8706da542b35d9b2b4458c96fc342a39b9100ae75e8ea6559e482a47a81bb1955046aa68156e1dd70b88857a6c1bb58a223a907589953508894283b4806c404d8153e9b7d11141d9f144154ec8c145cb2d7422b3ca2d015b2046400a0a45068007d00a67d40508850ad008c81406450f12a1fb1455320cf320cf344556d00ac0565062821e250f4d022ab8063bcc2b2b55953a99a3f3d7dcde7ffd5fd5192ed5cdf8b8cff6b8d4e9b2dbf9a4bfdeb9566faf898478f9bfc7f8232d140201410c0400d402980ca405b0bb4680d16ef574f78172b89a556ebd802daa783600a68b5f63602ca15547a57574284946ba7602bd9ff800ae3ef02b507d008e1ae9d060128bf001368c11c40fde10c69789ce7ade8bd2f8633f335e0cf92d8d82f82791d592f8a791d5a43c4f21fa489793c81c2872eb96a529cac6c480804a09511004085019067c99d150cf4d72e6dfbaa29b38755db98e4e45e726cf1f7d3d3cc66933936ae44c5232e04699645052a1622fb733b72c558fa1d31856e540a9b932846c0319888b6133a466ad4ea8dc64276d345c3596eda7175466c6a554a7d99025c8292184acb34e2cce3468494ba9b8952edb4e26b19d79ee5ececf991e5f770f4fafa7331b2a93a54e3c74e9d47415daa3b395868b349564666a3156467a9a8cd69b578e92b1637d8bed773a4ac58e9e3e4688ed2b958db09a68dc73a5bd694917073b22c34d99b1a95f39fb8fc06d9c79ac78fcb71a86725d14e9485cff008ba3f33c3fd3eaff00e51ecfe7f67ff1af06f55b5fb8f2bd0a5ba6800a9529e33a6aaba753a7359afabfdb4f50472f05f1b7ae56ed8d71f77570f0f71f4fd3df972f07bb9caf6c8eae2648226d01a2a805b4aa08cf7eca7d8b86b1fd3db34c8aeb6249511a8cd6b9451508e0065cbb558b03c9737c77d4aba1cec74e6be79cf7a75d6525138f7c3bf3d3c95ee32fdb9b4a2e871c6f46d71d76eba38ea59ca5ae8e27a76536aa99db9f5317b7a5e37d38a093a1df9e2472bdbd261f1b1b51555d0d39daea58b2a9d06a3758b5d00ea6346942b35d4b2f42a1ee46a8acb0645bea0732fc7a92b518e4b522847a81bf156811adad0292de9322bbbc6ded122565deb13aa3345e451401401a1034629853d3c0014f2605538d3c680679c40cb76066ab349519908c056580a2820060552402d0203285640ac05019143c4a86ec545734159e6419e64523012440850caa03a2a19f42a2ab84562bc079af5c73bfe87e99cccd8bff00b89c7e862aff00eadeac62ff00e1d65ee1ccf91f9aae4b749b5aae916fafb45aaa9eafc88a80400a0084402012a01a80ca403c6e500baddff3f6540be3753fe405d16df5a34bb77287d25d34afbc0470755d35eddea02b8d34605528ebafc008ada7fcc20fd34979789455286bfdc45d56e200a7e007efe8da36d6ac8da26a69d5a2682ad0d0cad93505db1aaaa70166b52a892a33cfd475951185428210514100844aa0a594d2407372af5654471efa75e639999768a879bd95df88e6ca5a9e5aee46c6291b180170092d0d626a86e8cce34b2dca8ce9c335a232aa3bc73a5b91a96c2552db46543780370165b99b895a2123a473ab5336c84e0a48b86b0dfb4e2ea8e7796e550a6452dc4a48b833eb16453caec6306db37ace3cef319719a924797dbdebd1ebe5e7eddc6ae1e48ef5d3b37be547a2573b17c6e9b958b0eae1a8cd8b63335195b0b86a562c6ab5799d2562c7431f20eb2b9d8e9d8c85e27495cec6c85c5247495825eb49a2e26b959d8562fd8bb8d910df8d7e2edde878c65d4e7d73b31be7acbaf8973fc3e470fca5ec1bd57b1eeb373b4edcbf24d7b57e27cbf671e371f478efca6b9771556ef899695d4b11373f12a3a1c1f2b7f8ce42d64d996d942499e8f47b3c6b97b39f28fbd715c8d8e538fb39d61adb717ce97697747d39f2f9f6636450c43a44445101d005c372348c97ed349f913174d89735a0895d58bac1334ca500aaec2b1651c7cec6524cc58d470f2b8cb77534d19c6f5c5c8f4bda949bdbd47845f3556fd316a32aed2ce217b6fb1c2dab74f94dc8c5add6b0e10e88acac76578128b2d43520df661a16237d98e88a8df61046871f94ba8c77e1d4a8e5e4dbea2ab9f716a65a247a81d0c3411b5c7e50aa12f9fde074b0a7b64851dec5bd548c546f8caa8cd535480a900e9a01e2d5029b40034bc081671f94a33cd019aea32335c44aaa5902b2808a08100ae402b085650ac81580bdc0648a878943f62a2b9856799919e7d48aadb01180a0322a1d1417d0a8a2e320c9735740af8a7deef507d5e4b1f86b33adac287d4bf15def5d5a27feedbfe259f13fea3e5add17e065a200408010200422002a04a806a01a80ca40590b8d01a2179254fc00be1713d2ba3f028b16dad7a24f4024a2a8daebdc04a2a57b812db55ab557e405928c5e8b47d5d7b7bca8a6e47c3402970abad08a8adeb408fe81280d53a81343289032805c1da8188e20c53721a160cb72263b8ebcd2239635a94630148b88648b868d12ee30d5572ea466dc5919e794977395edd272aeee4521e6c797c13961b93a2727d4e77e1d6391937f7499e4efa7a39e59dc8e4d95c8aa152a2237232133561144aa62c6a0465a9a8569b723b72e75775474c6145d819b1a9544aa8ce2977053427a962568b733a473ad1091d2334eee246995371c64895630df8535462c6e56677684524ee2ea073793cb70b744ce7eceb23a71cbcbe4e44a4debd4f1755e9919eda7baa4916b6c25489d6315646e3a9b9595d1ba6e3156c6e9a671746e1a66ae85d352b1635d9bf47d4e92b163a58f93d0eb2b9d8e958be8eb2b9d8db19a923a46145fb49a161af1bebdf4ccb95e2ddfc786ee430539daa759daeb72dfff009a2797fa3d5e537f2f47a3d9e37fe2be3f54d57b33e7c7b554be574015b2a19335197d13ed4fa82f4792ff004895676b253718ff004b8aaee3e8ff003fb37e1e4f7f1f97d551e97974e81a648883b4064805b96d491519216dc2e7bc2ba78eeb0a1a6566d01651a818726d7522b9b2b4aac8a47663e0108ecc7c0a15da5e002fd3015c3520b2ddb036598d0a8d76951151b2cbe828d6b588467bd14cd44ae6e4dbd181cbbd1a322a85f988ae861046fa68051b7e7615aec2a500ea625ee88cd1d6b13aa39d55b520952e865201e3301d4d8077f88092bc9f40299cc833ce5522a89d00a5f52046510095003602c805610ac046007400141410e8a1fb1515cc2b3dc2519a7d48aad80ac054806410e8a24ba1519aeb20e77259f8dc7e064f2192f6e3e25b95dbafca2ab4f7f419b715f95f99e4aff25c9e4e75f6feb64dd9deb89f694dd69ff0aa2f717abb56303eb4f032a80400810080408804020100804a80ca403467402f85f7d00be176aa8c0ba32abf048a1d2dd27d68a9f001e36dc655f15a54013af5e8be0054f57e60471ea9f44008a5bbad35ea07efe440e88a64010a804012e2d04464bc874df2a51c5d06a00a8d13799f25c537b228ba99ebd8b3973b273a31aea70ebd8edcf0c16b3d5ec8da9d5475671e7bf2e9d6f191b7737f34bdc7a64fcb939f9b93d9338fb3a75e3973272ab3cb5de11b22854a0a3523346a75919063057244b1755d35248babadc8ebcb157c64758c0c9268b626b35c8d0c58dcacd2a996814b5105f6e66e315a613d0e91ceaab979d4ab2115f634c494d490461c854ab466b718e7729dccb4e472f73438fb5d7d6e049d64791dcf046e466ae52a1a668ee35059199a959ab2370dc656c6e1a671746e959b175bbde66e562c6db1934674e6b163a98d95d353acae563a78f909f73a4ae7635a6a48e918aa6edaa3dcb46b54c586be35f717d34b89e556663c1478fe41ca56e2ba5bbcb5b96fdff9a27cdf7fafc6efe1eff47b3ca67e63c7dcfc4e0ecad74294b52c65d1e0796bfc5f25672ecca938493f6a4cefe8efc6b9fb39f28fd07c5f258fc9f1f673f1da70bb15b92fd32a6a8fa71f36cc6c8d4a2c4c06083401e2aa02cecaad407b4f6b2a2faa6aa80560517ad5501cfbf669aa22b3b4024900b4209b74015c15407844a345b411a63d0a8bed480d9096810b7154b118afc3a951cacab7464ad463a3dc41bf08a3a097ca41528fcec2af4f6a034e1cf539daaee6336d1817d5854a844dc015300ef604dde600720125222a9930299b20a994060000000012010203015a015a0000c914322a1e8515cd019ee24419e68caab6804600d6a505043a2c409f428cd7083e63f7bf9f785c1e3f0f6a4bea7212773217ff0042cb4e9ff1dca2f70e7f6af843756dbeaf56468a8080402010080402010220100804a812a01a80ca40591b8d01a6d5f7d9ea51af1dc652ef57d5a0366ddb6dd53aaefdff0012a28b8dc93aad57e2050fc974ee451ab7a75af50195b554f46bf103f7d2752078a229d0540201004b9d04464bac74df2cf538d741a80929d0e7d56a45172f24ba9c3aedd272e5e66728a7a9c3bf6bb73c3ccf27cbbab516787dbfd18f5fafd4dbe9fb171dafab73f53ab3d7fc9c5f1dbf972fe8ea6e475b22f6d850f675d3cfcc726f4dc99e4e9de2a6631ad2970d4d0b805686e44a9b8d2254a88e8cb811c461a90d0d489562950db268dcec6a2624d2921612b25d8b473b1b954568c98ab2122c4ad569d51da39d537f46c5233efd4cb46fa942a29c895622ac72eeca519791cdd1c8e5ae55d0e3ee74e1c8ee79e4753a950db22a6129948d21948d443a99a4ab2370d466ad8dc35195b1b854aba179a352b1636e3e5d1f53a4e9cec75b172d69a9d79ae763ad8f909aea7595cac6c54923a315c9e7f84c4e5b8dbfc7e5a7f46f2f96e25595b9ad637235ef131ece27531be3bbcdd8f99713f6cb9bb5ce5a9724acff00a6e35cdf3bb1929fd78ae9150eab777af43c7c7f3d9d7cfd3d5d7f44cf8fb72fd7be93b5c1665abf82a5fe959755654db94addd8aacadb93eaa9ac6a63ddeaf1bf1f4d7abd9e53e7ede4e5d4e2ea8a46a23e8df6a7d52b1b2e5c5e54e96323f237fa67d8fa1fcfecd98f1ff471f97d752a3a3ea7a9e53a4032403a440e96a543d1340537134c2c1b5369d3b04abdc74d0212510acf76d26073ef5a6a5a1154b88036904da00da0151d4a8beda02f8a2a2d801aadc821e5a9a467bb008e7655b0ae64e3491956bc3ea51d382f94054a8db229672a2336ab4604ab2a18aaf438bf951946868295a60069904006e6809b800e6024a605726c0ada015c400e200da0071003880ae202d00568211a015800a0a01e2543142480a2e128cd70caab602300005150e8a166f40287abeabdafa12d1f983ee3fa8d73deabceccb7373c584ff6f89e1f46cfca9a5fe296e91abf1f0b1e5df4a789950020100804020100804088000201008010254029816466d01aac5e4994746de4e8a4a4eab469b28172925d6afb7b00ad41d3d9a22056a8fcfcc09ba51d1b03f7ad9bb53562b5c5d4c50e88a80402014dd968518ef48cf55be6294ce4e83508a2ec8f3fb1d7973b2a52d556878fbe3aaefcd8e365dadf54db91e7ff000b7edde76e5cb8bb72b8a4e1a5751ff8bcfe9d3fd6bb78f7e16ad282a68ba1efe7ac8f2f53685cbca63aba48cee116fa1cfc5bd572b489e2be4476e48789a4754590d2365c52ee2a26e2c077162254b88899a894d5348050ca654a4b9468962c649aa339b49165856bb2f43af2e74b91d0b52304a54661d08ef21a627d44f47dca8cf7adc545cbb218b2bcb72779bbad33c5edbf2f4f11cfdc7368e99a4322b2746a2191ac414ca94e8d33a74e8543c66545b199a4ab6175aee699ad98d96e2d6a6f9e98b1d9c3cde9a9db9ae3d476b172534b53b735cac6b95248d32cb76c835c6e7b83c7e5f8ac9e36fb518df5fe5dd6abf4eec7585cf73fc0e5ece3ca637c77e375f05cec3c9c3cbbf87950fa7938d376ef43c251fee7d51f3accf87d0977e59ab4605d8b933c7bf0bb074945a699d3d7d78dd63a9b1fa03d19ea28739c2dbbee55cab2942faeee9d247d3e7ad9af9ddf395e823336cac8c822d8b02c5401d20813b7b901425b65a855f0ba9c69dc6a12575274662f4b857f33fe0495555db1555368c576ced7501362027d3007d3026c02c8440be112a2c4822d8328b96a8212e46a8a8c5916ea80e5dfb5475234b30f4641d4b7d0a06cd48aa6f41a4cc558d1c6c75f33355e9315688c8d34003402b440280068a15a2056805a00ad00ad00ad052b4006101808c05600602301180ac214028a1932c43d74012405132119e688aada011a005003a150550a166c0f1ff73bd452e07d1d997ed4a997974c4c5f29de4d4a5ff0c2ac73f7bfa1f98deaf4e9d17b111a2f575020100804020100804000410200008040201008014c0b232a01a217daee05d0c8aeab428be1755576a805cd3a37d7a26026e8b934fb7403f7762c9ed5a9b97637d4742dcf431632b94aa644dc15372004ae243119eeddd0ab186ecf539f55d798a779cdb4773425a633e45f8c22db673adc8e265e7baba338f5d477e7973ae654dbea71b5d672457a4df526ae1b7b286526588badee66a4669677692a0d30c9a923a46692714d0c5d67b96dae84b1a95534cce00cb86a2650e8d46451a910686b1341b1815ba00bbea455370962ca48bd49215aecb3af2e746faac4d5892b9393269b3974eb197eaea65a3299622bcbc950b12abd69a16df8493e5e4b2ae39dd6df89e2ebe6bd3156c1e2bab140b233a78c4d6269b697134685c442a2c83a9a8cacda6b19d4dac6268a6d143a9145919d0a95b31f2dc5ad4dcae763b7839fd353b73d38f51dbb194a4ba9da572b17ef4cd229b904ea07cdfeebfa66373163ea1c78bfad8fb6ce7462952569ba42ecbbd63f95f91e4fe8f5ff00f27a7d1ecffe2f964b43caf5137047adfb79ea89f0dcc415c97fdade6a17a3db6b3d9fcfdfe1e6f7f1b35f768ce32519c1ee84d29424bba7aa3d8f1ac8cc0ba332a2e84c0ba0d32a2c480a2fc3baf7908cadc93aa7a91a58a971783f03379356dab4d751394b56ca1a50da31dfb40609d612a32282b803a92650c92610f188162d002a68a8b21202f804192d00cd7625461bd66a15559b4e32645742d745502f842a450bd66b13361130634919ad3d062f446068200c0000003011850610ac29580ac0501580180ac056c04610ad8092602b68046c0508350193286a950926055322a89a20471011c401b40942815f32a2b9c9907c03efa7a8ff007fea4b5c4d99d71f8ab7b6e4574fdc5df9a7ef8c29135f53feab1f34ededd119500201008040201008040204002010080402010080400a603a901641ba81aa338a8d1f6ee34495e8d29d51454efbddec03f7ae2cbe548bcfd3af4d70b942e39ae8de44c0cef13023bc3024af171719eedd336b7232ce672ae914caec63d59ced6e4552cbb7d2a73bd46a735c8e4f3fe669339f7d3afaf971e779c9f5385af448af79853465a96157c22e46e462d688c231fcccde33a97322315444bd12324ae55986d6d9bbd99d39ac7516b97747464ada7ed02b9dba8f15d5328b5d498ba14189a28d4886349a6454068b812480ade845d24b522aae8c8355966f962acb9d0e8cb99976eb5673ea3a4ae55eac2472b1d2046f160e672f95a38a7d0e7ede9be2388a55954f3c755f03a462ad5146b19d3a8a2e269b6a2a6834862692630084a8cb0ad76dd4dc62ae56ea8d6300ec8c348edb44c5d0a3450c9b4c235e2e4ca3246b9b8cf51dfc3cb6d2d4efcd70b1d2b59353a4ac58be376a6b59c25e85abb6e76aec15cb37632b776dbe928495249fb50b347c03d5be9dbbe9ee6af71d26e78ed7d5c2bcd7e7b32fcbef8fe59799f3bd9c78dc7bf8efca6b87274665a18cdc64a4b46ba179b895f6efb5fea75c9f17fe9d7e55c9c555b557ab8787b8fa7ebefca3c1ece32bdb56874735b090458a405f6ae151a6124d0449d28060bd171969aa256a2ec749a4215b2114e3e68ac9b6e8514ddb35441872316bd898bac33c76ba131755d2517a855f6b52a34450409ba0146fa302fb532a355b91516f541145d4159e4821636f5a914db9264569c69540d53b7588a2bc7852673ad476f15688c2af6881580ac00d80ad8506c056c056c046c056c05dc02b640ae410ae4342390d0ae402b900ae402b60236029512a032604734955ba2032dee46c5baea8698a23cb5893a3689ab86b99d612aa653147fa9d9ad1d09a62c865d8b9d25428b36d7a34c215c5f800924c68e673dcc58e1787cde5b23fe8e15995e6bfa9afcb1ff8a5445936e0fc999d977f332ef65643dd7f22e4eedd7d7e7b927297e2cbd5da48a1f5a7811400804020100804020000811008040201008040200002014c0752a007ea3026f600dd503f7cc6f463d0bb1db0ff00bb897c93c47f7911e478a7ef113c8f007988792f895e5a337a5f1552c94d57b7899bd2ce5872b3d453a33877ecc76e7871f2b968c6bf31e2f67bf1e9e3d4c96795fa9724d4b48afc59c7d5edf2e9d3af5e467bd7a53936d9dea48a653a18ad4245dc9bf9569e2fa18fb5bf0d766dc63ac9d59d272c5ab659318ad3e06af49e2a679527d0c5e9af157f524d915646aa953523369ab466d95d0b95d0e92b3524e9a9a42abde234c356322a1250f02e1a5a0c344a828d20b4101ad00a26991a232047d48bab6cbd4df2c55d37f29b658af6b5335a8e5665beacc751d39ae64a6e0df91cdd1c7cebae53679fbaebcb2c62cc48b574743a4656c246a3356a6699a3b8a85720164ea108ba81a2ccf53512b7da92a1d239d5ca29a378c23b55186aa95a338ba5fa430d3c6da5a8c4d6ec6bad50e92b163a16b21e9a9d358b1b6d64799ad66c68576a8deb38f39ebef4d2e7b8192b11af2581bafe0d3acf4ff32d7fc6969e672f771e53fe5bf577e37fe1f0c951aafe0f468f0bda4a951d8f4bf3b91c3f2d672ed49adb25b9766bba3d1e9ef2b8fb78d8fd13859d8f9f8367371dd6cdf8ee5e4fbaf71ef7897c26445aa450f19d00d16af1516fd45208470ab0a651d8eaba302eb53f9bc9e8222fa14071028bb120c376093e8159ee5b4c825a851882fa68514dd641964f502fb4cb11aadcca8d10955042dd5541595a26834a41819ee3a3234d9c7b6d542574dc6b1012cc3e731d2c75b1d688e75a5cd114ac04602801a015a64d42b402b4148d00ad00b42203402b4024a20238808d002802d000d008d00bb59445160577afc2cc5b6f51a8f37cbfa8ed588c9ca6924b5d4c75dc8e9c7aed781e57d7ea539431ab75ff005748fc7b9e6ebdb6fd3d7c7f3cfcb261fac331ceb768bc9199dd74be98ec2f5749dba46ad9d27b5cbfc196e7a9b2f76e4a9e5527fa55ff0018bf13d671524ae3d9ed353dacdf43bf87eacb534a9717c4dcf6b8f5e9ae8c3d4916bf354dcf6462faeac8f3f07dd335e719f0af99fdf2f57d78fc4f4fe3c929643fdce753afd383a5a83ff7a7abf246f8bf16a58f8ad7b80008040201008040200008040880402010080402010000102540801a81003103f697faedaed35f13c9fed1f47fca8ffae43fa97c49fec7f907faf5bfeb5f127fbc5ff132e72dbfd6be23fd8ff24ff5bb7fd4be24ff0063fc9763721fb897cafe45d5979f679275c60e5f23184689d1227b3db21c7af5e6f91e6db6d459f33dff00d2f77afd2e2ddcab971d6523e775ddaf54e6474b8f86cc64dfe69fcccfa1fc9c673bfb79fddd7cb646d4e7af48f8b3dd3979f47e85b8f5f99f8b25e61e48ee4574d7c919524aedc7d1684ab85db27d498ba68dbf163c5356ad905fde6b19572bcaa55c4578b2a61a37686a54b17a9a923a462c557135d3a0c522bad310c5d6f213d19a959b16fcb236c838d061a054322a03029b88962c53232a46c2acb4f53519abe6fe536c315deaccd6e31e42aa646a57172e34aa473ea3af35c7bf69b99e7bcfcbaca11b2d2ad04e52d5724ea30d340b23356a66901b085ab019559719a3f4d97134d0d1960d96646e315b61aa3a462ad8aa95909c3402896866ac347510ab2354cd4657c2e50d4acd69b57daee6a54c6ab593e2cd4671aadde6a8d3a34ea9f99ad66c7c8fee77a6971bcb2e4f1614e3f93939492fcb6f27ace1ec9fe65ef3c9eee32ebd3eaef663c44ba9c9d4148b11f55fb4beab55970b953f96e6b8edbe93f0f79eff004f7b1e4f771975f4fdd4743ab8ad8c8a874c0653680ba171845f09d4a2d7ac3f804576ee51d08add09271a9506a86849a4d1462bf1ea41925afb48a9101a5228a2e320ceff003145b6d9517c2411a2ddc01dc9302b9255200ff211592e856ee3d5208a8e9ad6204b4be631d2c74ec74471ad2e6148d0423003200c05640ac046023011b0a15080c00c047401180ac05a100a0d0ad0d0b41a26d1a326666dbb317aeabb8d1e1bd51eaec7c3b339cee24bb2aeadf823977edcf88edebf56be4dcbfa873393bce5724e366bf25a5d3dafc4e39bf6f6f324fa6385ca19c74957c3229e64c55f6f3e517d74188d11ce525d426166d5c547a9463bb6f26d3dd62e4a0fc1742a62b5cef2d65ed77a4a9d1f62e32d78fea8e521f3cafd6315575f044cab91e179de52ff0027c95fcdbeeb76fcaafca2952315ec89efe664c7ccebadbae79510080400810000402000080408804020100804020000804020050100203203f5fe67199926d476af71f97e7d7ed7da9ece4b85e9dc9ddf52ecb77f87b1bff1f6dfcaf5efe5d48f1d3a6dfa71a7b0dffe374e7feaa6f70729eb18ed7e48dcfe6ebf64f7323e0afa7aa7edd4ed3f9aaffbc6a76e78961422a9e27a3c7c39f863cbcab81c9f233d5367cdf7fb6bd9eaf5c715dd727567cfb75e93d94eede85b5fa9d073ced912dc9af4f8d65249bd69f047def57191f3fbe96ceec569d59d2d6646795c6fc8e75a847712ee468bf5624d313eab7d22c9a60efbbd91669f057f51f66c057bbc19700dcd0054d9a4590bcd3352b3635466a6bcce92eb9d98a2ec5c755d058b2a9fa94234b6de4b46a566c6bb77e3246e573b16ed4d551a4d0a34544a015dc44ab14491154c9508a7b6e8cb12b44bf21d1861bcccd6a3064df504ea635b91cc9a771b6fa1335bdc51fb3ab6c9e0be45bd8fb2d92f04e9cd9af999cac6f41043a45c4068626a462d9a912d5f0b46a466d5df474378ceab95ba33162ca7b4f5106fb32d0e91ceb445a2b2b29b91a466bd6cc58b0968429e52a33486522ea2c848a8ba171a66b52b55abccd4acd8af97e37139ae2b238bcbd2d6447e4b9deddc8eb0b8bfdd7f813ae7ca61cdcbaf83e7e16560e5dfc2cb87d3cac69bb77a1fe25dd793ea8f1d98f5cbac8dd181a78fcebd87976f22d49c676e4a49af23a7afaf1ac77cec7e84f4d73d6b9ae22ce6c1ff009a9286447c26975f79ef95e2b31d984ca8b548a874c0b20c0ba2fa151a60f41114dc4e332558d98f36d53c4a53bad42036c0cd7eba81867f9c8a950049814cd815d2aca8b6250d50194e840ff5802ae5481e4fe51064b92550ae8e1536a2a3a117a043dbfcc66aba165f438d6d7332a5610ac050a0c8856148c046108c04614020102b1a1590230036354b526a2549a00d11d12abe83473790e4add983f9a890d31f36f58fae2ce2295b84b7df7f96da7f8bf0471ebd9bf11eaf5fabf35f2ae4792cacfc877b227ba4fa47b4579124c77647712358687ee34ea3c57c8d1c9af7278af92d576bdc98d6ac8dc92ee67175a2d6549752556a85d84d75d46ae2bbf8b1b9166a566c79ee614b16d38274fa9a53c9753bfaa6d79bfa3af1e73f6f3926e526df73d0f10010080102010080002010000408804020100804020000200008100803240103f7ccf0235fcabe079e7a63d1e6b6de1adb448d4f5b37b37ece9d8d7f9a79a7ed0b383c99f2719254a1bbcfc2f3d3cb73d7636e32ed43c3fd1f4f5fa7e5e033b237dd6aba1f0bdd76beb713e1441ca52518a6e52d125d59c71b7a2e2389fa5fe75efcefb78791f4bf9bf973e7afb793ddeedf88e9debf05f2aa517447babcd228738bee468af63228521e08c9a9582ee88a9f56daee34c24b26d2ee3c8f15b8b76dce5a9ae2a751b2e5986daa3b78b94e98e708b7e2631b9553b4fb13c5749469f80c356426e2f43512b4c64ae468fa9d27cb9d8c97ed38b6e3f0258d4aa15c32d2db779a7d4d4acd8db0cd5085646e74c5e565aceb73ee6a75acde5a56d92aa36c12e41d058b2b3c9195533445d087510abe4fe436c39f9134aa66b71c8ca52bb76315dfa98b36ba72b7e8c611a1d718d0a4521832e7b8eda231db5cb8973f333857522ea6703d74378ca3611a2cdb6cdf319b5ae16b4358ceacda8d26abbb6ccf50954c16a631ad69b6e86a3357a9d0d30b61791502e5c8b4051192dc41272288a5a043c66ca2e8cdd4d32ba132a2e8dda1751e2fee7fa7ff00738b1e7f1615bd8d156f914bf5595a42e7fc0f47e472f6f3f975f575f87cc6470762d4b11edbeda7aa3fd339558b7e54c4caf9269f44df467abd1dfe1e7f773f97db233a3a56abb33d31e75b1b805b19a68a8b23302e8dc4117dabbd8a2cb894957ba150f8f2a056b747a840a2029bd054039d7e14750aaaa006415c8a11ba040faa914346e54066c806f2078482adb93a4023939596a33d5f7a0575f8cc8528ad4a95d98eb1a843dbfcc4aadf65e88e15a8d0cc29580ad00ad00ad00ac00d008d1023450ad100a00ad114ac81590231a15a1a0509a81420139c20ab26071b94e5edd9836e495097ac5935f2af58faf36ce78d872df7ba4a55f961fcd9c6f57aff00a3d7ebf549f35f37c8c8b976e4ae5c939ce6eb294bab66e4c75acb3bb4f69b918bd325ec8a3ea6a462f4ad6454b87902c869f90c3c9ab1b26ba3666f2e9cf4d8aeaa75318e9a65775ea66c5d5d1bf4ee4f15d5b0cda3a36317c9e639fcd591972dafe587cb1f775fc4f67ab9ce5f3fdfdf975ff472fb1b714020040804020100004020100011008040201008040201008040200500c808c0fe82cafaec6e72a11bed32de45bfb9542780579152ce462cdc8a293af6275f0df31f3ef54e6fe6499f27fafaf87d2fe6e5e3ece3dfcabad5a5a5759be88f8f38bddf87d1bd4e67cbbdc7f1d63156f97cd3ef37fdc7d0f4ff0034e7e6fdbcbecf6dbf11a6f67d16d8e88f4dae539639e62af5abf239de9d272559575f446757c4eae5f7d5d07c9906971f76c653603b179f6913c69e50ab1efaf127855f282ad5d4fe6552f8a6b558db1e9d4e9cc63aae958bca71dacefcd71ea28c9b4e2ea875caf359a37e8e92f89995ab1645c65e66a326fa29f4d0b89e431b728970d59b77c6925af89a675872b1a51f99233637cf4caa7432d1efdcff00b6a97afa667db9d6b3276e7a3394e9d6f2ec6172c9d1499e8e3b70eb8762d6442e47a9da571b02e5aaf42584acf3834671ad554d406b92a5b34cb959137295119ae90236293526b5a1a912d63cdbfb6a9752755ae6314731aee67c9ac67cac87333d55e630bab67269144b2269a9a1ac4d1b70729a189ae8d9b345a9d2462d5d24e9a1594852bab050bd14d0a914462ea736f4ff0094ac9b7d625427d5698311dd61014df528b775752a0c59622d8a2a2d8a2a2c89622cec54590fa7384ad5e82b966e45c2edb96aa5192a34fda80f8a7aaf80b9c0f357709d5e34ff00cdc2b9fd5664f4af9c7f2b3cdd7395e8e7ad8e2b64535bb92b73538ba34ea9979b9752bee9f6ff00d4d1e63868dbb92ffbbc44a33f1943a267bf9eb66bc7d4cb8f5519959591b9428b15d01e37fcc22d86424fa9746bb790a4a952a2cb573520d91b9f222a07d601277ab1680c57e554c2a800302a9c80a2e5da0464b97b502dc7badb036ad500ac81e0c03912a43dc15e5b97bee33547dc2c74f83e4538a4dea54af5d8b949c56a565ae3722da628d9624bc4e1dc6a3645a68e4d034006805689a15a1a034342344d0ad0d0ad0d0ad134234354ad1350ad13406868571268496d8eadd00cd7736d409aac77f99b514fe6489a63cef31eabc6c6b7295cb8a315ddb31d7b1d79f55af967aa3d75919ae7670e4e169e92bbd1b5e4632dfb7a39e272f173be9d5bea74c6b59eedc74d0dc8cdac376f3a9b91ced66bb3a9b8c5aa95c68b8ce9b7318ba6b771a7d4962ce9b2de5e9ab3179749dac592bc4cf8b7e4b2193525e57c8d7efecb12b9dd2d3da39e76e1df7935e72ec9ca6d9ea780bdc0804020040804020000804020102001008040201008040201008040190040007ee9ff005474aed953c685ff0058edfe647cdda5d5b45ff487f987faddaf1fc4799fe68b9bb7fd98ff0045ff00366cee562edc9f9789c7d9ec74e38791cdc39665dfa979b56fb41757ed3e777eabddf9fa7bb8efc67c2b73b18d0518a545d22ba235cf13999136f4c57f9072745abf025e9b9c842c5fbb4736d27d8ce5abb23659e3a4fa2f79a9c337b6a8f1f08fe6ebe06bc19f35b1c7b71e88be2cf91d42230d58a28b89a3b5780c349731adcd68a9e68b7884e98b231a70d7b7f523178c6e75a16726509252f88e6963a709c6ec3c4ef3e5c6fc39d9b8f2b6f725a1cfae5d39e99a17bb575332b562f865b5a3d4dce99bcb55bcb83ea6e74c5e57c2f5b66b58c35e8c6e59697545c4dc707220edcdaec73b1de5d25d9571497e89f6e2bb94933ceec7b790e2eb5372b363af81c9b8b49bd0edc74e5d70f438b970bb15a9e895e7b31a276949551719d659d86999c6b59b2e7b60fc8a472ed4b7dca998dd6bbab6c53f236c6b8399f3cd9cebaf2e75d8ca2cc58deab5172261ab163c997c53c8f1c4935a2a97c52f465837a5454a17c59f28dd89c5b8bac8dce19bdafbd6e36a3445b1256593f132a45349990f5a8a03db14419ae5e44091bfd868929a283095425589150f12a2c8952af81517c0acd589772a2c495356be286c329a31eeb55e2b528e0fae7d38f9ce1250b114f91c4adec37de5a7cf6abfe35d3cccfb39d8d71d657c554aabc3da79ddd2a11ddf477a8af709cc5ac88bff0029b51bb1ece2fa9dfd3de7c397b39d8fbd63e55abf66ddfb2f759bd15384bc99ea799a53740039b440aefd0aa0b275ea3517d9cda3ea5d31bb1b322e74a97531d4b72ac5d19501a6401c594537200512d00a2e5c480cb76faf10325cbd50296ea069c608e8c3f294249ea40d0640b993a4581e3f97b9baec57986a1f8d9ca12aa7d0a3d560e7b4954258e95be462fb84c6fc7e463a5598b0742d72106ba9cac69a21969f7338ad119a922602cc85640ac04602b205602b015902b20560553bd08756061c9e4eddb4f5489ab8e1721ea4b36a326e6953bb673bdb7cfaed78ae5fee1e3424e165bbd2f0874f898f2b5e8e7d1fb797e47d79c85c4d5b4add7bbd58f1749eb91e533f95caca9b9dfbb2b8fb55f437399175ccbd7a4ea6a466d63bb7e7e06e462d6695f99bc62f4addcdda3358ce926b410aa69a95ccdf37800b592282ae340d3c6ebf126353a5b6ee4aa4b1a9d1f3f21fd08c13d7fbc7af9fca7b7afa8e5ff71d1c5174020100204020100800020100804080040201008040201008040200500c040001fb37fd7b6c74850fcf5fec7d4ff273f379e725ac7af4696a27f76353d2f3d97ea7bb6a6d28b3bf3fdb5a9e863ffe5d79c97c8fa9affccadcfe78eee1f213cc8c5495137f37b0eb3d97b73bc788723c8d2b08688ed6b3cf2e2cae5ec8b9b2deafbbec8e16dbf11de491d5e3f889692a55f794bfb8df3eb73efd8ec5ac2b369565abf33ace27e5c6f7a9732ac4345f016c592a8793bba2a18d5c0de1454977603c671f12a194e3e259516465e0ca87db1922e26b0e571fd650d1f876337874e7b65b57ee589d25548ccb8d59ae942e5ac8b74ee759f2e57e1c8cec49d993947a1cbae31d79eb545bbdbb47d4916c5b193351968b5269ad4d466b4acc8c1d1b3a4ac58cb9df4ee2dd1efd097e579f873e7fff008f25e062fd37f970aecbe7679ec7785fa820b6de438bea6a566c75b0395706aacedc76e3d70f4d83c9dab9049b3d3cf4f3f5cafc8c9b118b75d45491e7b93cd4d349eacc755d398ab8d84ae3a8e62f55d3cd86db3ec3a58e72bcd49afaadbe9a9c9d54cedb9bd10c5d5d8dc6cdeacd4e59bdba9638b8e95553a4e5cef4d91e3a0a3d0d78b3e468e1db8aab43134b28c231a90d72736e5674462ba4639b4918abaa3eaa4ccb42f2925d45a98cd772fc199b5a9199de6d90c0575816abd545d4a7b77752c66b6c1a68d464e9950f108b6db6e4a3155949a518aeadb28ea5ec7c7c2b7b6f4d4f2e95941fe4878ffbcfb1e4f7ff004e7c47a7d3fcfbf35c3cdbf195764dd5b7a56aa9e5e47cfbedb7f2f7f3ea93f0e45d9eedd18c9ecea936d6a6e745e1463e56762dedd66fca347592ad62d78519d78f6de7eab977ea97ee3af6bd6176c4947371b734ff003d9693496b5a3d0f673fd73f2f1f5fcbfa7cdbd6eb8a97393cce314edd8cbff32f589c367d3bdfaf6f66a5f9b42dea5f98cf8de7ede7ea4054bb9a88fac7dabf53fee2c3e1b2675b90f9b15b7d92d627af8eb63cddf395f48b72543a399e514c0a2e5b7d80cd28c93228fcdb6a801632671bc0c7a2c2cd6e1af81a959b1ae390a45d4c329b02bb92a228c17f262aba81cfbd96df46419a575c8055a943c56a06bc75a846f8ad0a2a9f52036dea419f3ee51303ca667cf934f02b6d7856e9a84756dcd45110cb21d740345abf75d28d81b6cdfbea9f30c1d1c3ccb95f98cde4d77316fee48e5795d6d4ea8e7541990ac81580ac04602b20502bb976105a90737339485b8bd684b564796e5fd5d8b8d194ae5d514bc59cbaedd79f55af05ccfdc894dca1891ddfe39552f818bb5e9e7d327dbc7e7f3f9d9b26efde9497f4a748fc0b397573e793a1bc4d64bb79bee5919b544a552b291b3b98b56459fe9dbbaa279b5fe6ae7c3f822cf6a5f532dce3286e7b18bea27fa7f6a17cd3fcd171abc0799fe66ff4fed42799fe43fe969ae84ff45ff2553e368fa1a9db17d4b6d70ee6aa90bec59e97438ef4dc67794af696a3acabd125ab662fb7f4d4f4e7dbcdf319362fe7dd9e343e9e32935661fe1e8be27ae4c98f17576eb179044020100204020000804020100804020440001008040201008040080402000201fab6e4dd0fc6dafb91cfccbcd2a7711a8f379d1cbbb71fd3b1727e6a12fe47a78adcf8604af5bb895c84a0ebd24a875c6b5ec387bfb71e72f08e9ef3dbe879fda68e3ddcbbbb21d3f54bc0f578eb9f963bf83c358b105f2f4d75373d7238f5ecb5aeedd85a8d23d4d5f8667cb9d7a576e55ca5489cafcba461c8c9c5b0ab396be673b91d24b5cfbdea0c5b75daebec3975eee63a4f5560bfea975a5b470ebfa7f4e93d2a17a9ef98ff00c9ad7f8c1ffe4992fa547fe4d3fca1e3ea3cb5d0bff934ff0018d58dea5bf5f9cdf3fd559be88ea63fa96db6949d0efcff004c72ebd15d6c7e5f1aea55923d1cfb6570ebd761ef59c6c88d612553764a92d8e7caddfc59d63ac7c0e7963a6cadb6722d655bd92fcddd1d65d72b31c6e470e78d777c7f2b3977ce3b71d696d5e538d7baea215a2d5cad4dc62b9d95912fa8d2673eafcba731af0a729db7197b51d3873ecb7e3b6ccd1ab3e12579dbcfe7679ac7a22aa806a444576517a01af1f91bf092a337cf759bcc6fff0055bd71519d6776b95e14cae4ae5c49f7343d37138d18da523bf1cbcfdd1e527fe5ca2bc0b4e5e664be76fcce4ecbf162a532c67a76ec5ab6a299d639569538459a654ddcb8aee34c659e6aa7526ae335ecc5b7a99b56472af6426db39dae92325ec8ad4c5ad48c772f98b5ac532bf27dc8aaddc600dfa843a900d196a58956c64565aecded0d3357fd54541579b69475936924bab6f448ba98f598d836f82c4fdc64ed97297215db2d5588f82ff178b3cfeef6e4c77f4fab6bc7723c85dbf71d64dd5b96e7ab92f1f61f32fcfdbeaf3246055724ab4ddd96b40ba593dd58bd29ad3c8228baa35f95d1ba52a6a3154393a6db9a46ba37dffb781a670991c6e2e65a76f222a51f0eebcd50bcf779fa67ae259f2f379fe8dcbb6dcb02e2c98ffed4be59af24de8cf4f1ef97ede6eff9ecfa702fdabf8f79d9c8b72b37975b735b59e8977e9e6b2cfb69e2f91bfc7e75acab32719da929268e9ebeb2b1d73b1fa0386e6acf29c6d9cfb2d52eaf9e2bb4d7e647ade66f8e653a8d316c6fc6454170837545c07e8aa0c142b3157999abae9d84d41d0a8bedbd7574268d96dad1d4dcacd53977528ba14702fce6e72488aa95b93069fe8d1150289301e006cb0b52a36c568055716a4022a8ea073f91b9f2b22c79f71dd90d955becada80d10dd27443135bac61b7af5186b64319c7b1517dbb5af520d966d535a9074b164e3433d423a96a75470adac6730180ac81180ad0092a2ea065c8ca85b4f5251e6f98f5059c78ca529a49756ce7d758e9cf16be65ea4fb83726e76b0dd7c6ebe9ee472b6d7ab8f549f6f9f721cb64e4dc73bb394e6fbb75353975d6096449f7358ce846e31819b65154ab50814d40bad49449635172c8496a63c5bf21fde44789e4aee64c5f5d4b394bd29faf05d8d627916797a69d4b394bd33bc975ea6bc59f25d0cad295337959d995e5518be4ebf1ce0e0aa93a9cfa8ebcd57ea5e41627193b76ded9e47c8e9d76feaf89d3f9f8deb7f4e3fd5de739f9af00dd5d4f63e72798100804008100004020100804020100804088040001002000201002900408040001fa37ff9d717385278f38cdf68aaafe27e46fa3a7e83fcd2cf376b2e6958b334bc65447afd1fcb58ea6374a57ee2dbba718f827a1f539f57526470f8552e26371d67597b752ff86fdb73bc69b1812a3b3617e66aafb2439f565f867aeff6f4583896b16caf15dfbb67a24c8f3f5d69aee549bd905564b52466bd38d94e775d65e1d8cd6e3cdf31ea351ac6dbacbf04797dbeec7a3d7ea793cbe42f5fb8e539b6cf9fdf76bd7cf3232bb926f567368555931575bb4e4c98365ac55a54b20be3660bb17107e9af02e08e3ae845346f5e83f964d1675626468b5cce6daef5475e7dfd462faa56c87a95c928de4d79f53bf3fd7fb72bfcff00a1873b185e5254a7f523a4fe99acdf4fc3bb6f37173f1f6ca4ab4ee7b39ee751e6eb8bcd70dcbe8e44add6aaa73fab8ebf71b6c4eb19d3c0df2e7d395766ddf69f89cff2eb3e9d0c1ba94d1d3973eda33e34c79b3a5fa73e6fcbcb5e97cecf357a62bdc4037904ad4626afb30ab35cc4b5bedda6a276e639da91d2e45f99a47abc0ba963459e89f4f3753e58790bd2949aec66b51c6b8e9530e84b792a12ea494b1d2b19f54954dcae762f9e4b71ea6b59c7332f2e49f5336b7231fef25e267c9ac0964b947a8d3192e5c7a98b5633ce6d995533ab32a551004900b4d40748a864821d32a2c84d952addfa55b348f5de96e1962ab7cbf209452a3c5b73e893d3ea4d7ff8518efbc6b9e3587d45cc7ee37599ed54ac66955b96eff169a689a3e77b3bd7d1f57af3e5e62ee67cb48aa7694a5a529a34bc8e4ecabf71b60f5d69f88c355dcca85555fcde3ed2ce5359dca57292544e8dff0077434c8cae29bad1c924953d83146526a2df8528a3fdbb0165ab8b6bebd6ab4d4cae2f9ae3b36cfd1cdb36f26cb547f51274ff00765a4a3ee37cf779ac77eb9d3cff0025f6f2372b7384c8ab7afed3264968f5f92f7ffc4bde7af8fe897ede2f67f3d9f4d7e80e633784e59f09cbdab98b1ca695b8de4d253ece2ff2b4fc99eff577b31e1f6f39f2fa84a0f53ab9abfa938302c867d1d1b2ea63659cd8c975352a60c67bae55128df6ae35064b43c66dea8e36b58be375aa781d39acd2ddf9db3ac659658cb7366b10bf452182bbb14a2062b93a3229ecdca81bf1fa951b97408aa7ab0a5ad13641cace7d42b9766dee9b7e615ae303588d98d055223a962518ad5f42a1ee64c7b1142d5d72641d2c772a146cb32a4b5251d2b17634ea70ea351a3ea41aea72b152a9f733815902c9a5d40a2e64422ba81cbcde5616e2db912d5c78bf51facf1b1212aceb3ed15d59cbaebf4edc7ab5f29e7fd5397c85d96f9b8dbed04f4f799c7a6493e9e72fe4b9575a971ad62b93d4d336a972d4aceac8482eaddd520150a56c03b81a49ccb86aa7759719f22fd46313c8b2b85c354cee3f1358cdaa5dd75ea5c634637dd462f92c590ea4c5f27538fe4362d4c75cbaf1db91ea1cf96565255f962a891dfd7ce72f2fbbbf2ebfe8e4b36e480402004080400010080402010080402010081100804020100804401020000200607d520fe747e7a3f46f5bc038d627d2f44f879fdaf516e08f663cda6b8fe5a2d5bd12f32e2c74b0f1a38f656ea39bd66fcfc3dc624c73efada2ee5cbf736c3f2aee4fb4fa26665e3e15a7aa7325b22c96bc7733cecee39252a23c7edf6bd7ebf5bcb64656f93a3f79e0eabd32294db39b4b211a8569b5699306db56d23521ad0a891ac4d45244c0ae6aa452bb8408ee114ae75015b4006543dacabf65d6dcda37cf767d25e65479f79dcfa8faf73a4f7563fce3a385cdc60da9f46a87a7d7fd53f2e3dfa7554f32dcaeeee95373dd29fe75af1b32dee5f31d79ee39f5cd75726ec6ee0e8d3677fb8e1265794bcdab92a9e7af4456e46543710d5b6212b93a2352335d8c6c34923bce5caf4d32b7b626f18d656be70aefe1ce98a8ebcfd38f5f6cf92f74b4e8458e3e5269ba19b1b8c13724cc58d2fb17a49aa96566c74ecde528d19d358c67cab5b93a19b16573a56da6671ad2d462ab92a930238130d573812c5d2a5d861a938931349b461a342e09a93112a50ca696ac257b0f4e7a7159b2b95e52dbdb15f53170de92953f5497f044efac8bcf3b54f3dcfdebcdc54bfca4ded4a8aa9baa7eea1f3bd9edbd3e87afd723ca64e4cee577cb7569a3d355ec393b31c9cbe66db55eabb334959ee5c92d252d345575aeacd48cda5528bf9abf32f3ee117dab8a2be67a7f57744ad6af84537d5249d772ea45069a7a3d6b56caaadc64e5a51c7ad6bd02ad82d292a57ac9d3f89956bb138af9a324a9d3fd844b1aff007f6afd8fdb675a865d8ebf4eea4d27e31f07ec3b71ecbcdd8e1ecf54ebede8f033f16f4236edc9c5c62a2a32756d2d3abee7d1f57f64bf6f9dedfe4b3e9b656d4979f81ec965fa78ecb3ed8b231a4b58971759e17eeda7a90c6cc1cd6e7af8f42ea63a8f268b5d13e867a21f1b2a4a5af439c8b5a9de52a519d2464f1b943ac668bb89a348adc9014df7f2b039779bdc451b32d7503ad89a951bfb1514cdea4524dfcac0e664a6db4860a6d63ed8f9945d1b6900ea5b7a104794d695ab01ed5db971f820ae8e3424a8dba22a35fee7e9aea414cf97841eb225ab8b2cfa82d7f550e3db52355be7ed3fd6be271ad78b4dae66dbfd4674c5ff00eaf0dbf9896a631e57396a29fce8cf92f8bcdf2feb1c4c68b73baa3efd4cdedd39f55af9ff003df706edddd0c67b57f5bebf03396bbf3eb91e1390e5eede9ca5393949bd5bd4b237ae5cf21b65c355caeb189aa2570b8cdaaa570b8cea46faa970f269b77135a18b1a94dbbcc2ea39206839aa0359eedd352336a9774d633a477bccb89e45779be83135d4e23d2dccf2d7231b30fa707ffab713a7c16a67aee4ff00959cefdfc3dae1fd8ae472ada93e5ecc24fb7d393fe270bfd3d4ff00e3ff00edda7a78ff00ecd2bffb76e69eb6f98b0fc9d997f748cffe5f5ffd7ffdaffe3f3ffdbffd2db1ff00db8f38e5fe7f2f6d47ff00a765b7ff009a44ff00ccebff00afff00b5ff00c7e7ff00b36e7fd90e0bd3bc267f39cdf25959187c75895fb9660a1677b5a4209a4dfcd3690e3ddecf675399917be38e26fcd7c22e5c95d9cae4928b93aed5d1792f61f49f34bdc080400810080400010080402010080402010081100204020100001401602b020100807d494954fcf47e8dd9e23959e335582b8978ba33d7e9f658e7d732bd563faaec3b694b0eafc77ffb0f7f1ed79afa3fe5d3e132bf7d913bfb15bb363a2ab9566ff91da752b9fb278c759b775ed4e905f9a462fcb931f21cd6260da718355463aee46b9e2d784e5bd4d3bd3951d7c0f0fb3fa3f4f671eac702f665cbd2ac9d4f1f5d5af449848ea6157db836456cb368be2365bb6a86a726ad54499713537815caee866aab770ca95dc0847735027d42287d46501dd402fd5027d4d401f515595137950d0bb24f493459698be39f7d4366eac4e93dbd466f12ab775cbb9aff006a9fe70536cd4f727f98a4cd4f7466fadd0c0bf66d53723af1ee8e7d7aeba91e4717a23d13dfcb8df57479e6e335f98dff00af2c7f974cdf5acb969213d9cfed7c2baf89938cacadd717b0eb3b9fb72eb9aaeedfb2e5a4d7b47943c6b9b912b4ebf3263ca7edaf1ac77143ad4c5ea7ed64aad34bb99f28be35a2c6424ba9a9d466f35a95c8cd7546f758c5572d2630d669daa131754ce24b174b40695c061a556d930d176bb8c4d27d3d498687d3186a3b63174aed3aa493727a28ad5b64b07b6f487a2d250e539386e69eec5c57d34fd73afe0849f94b7f0dfea9e46107b1cbe75aed54546787fa7d9f87b3f9fd6f099977eab929756fe278e3db8e64e14556aabb334955b4de8b47d69d8a8a6f59938ca2d68d53ff000352b3638b3cd959bf285d5b6e269d1f7ed54779cec71f2cad76b36dcaaa5a3f1f698bcace9becdd84a11f9bc927e3ed3363a4abf72744f5f3e9d062ca33dadaaad6ba19b1a9415ddb269ea9f7f018ba7504f5aeb2ecbb9343fd1a49393ff317e05d30f0c8bb6e6942bed5e221e2f49c6f3528ed8e7fcfa52134e9248f47abdd8f27b7d1bf4ed5cbb6d633c85fe6d95f9a71fd3fef781efbfd3936c783ff001b7ac9f0e5dccdc4b92928c64e9fa92d0e7ff9fcfe9d3ff07afd862e45884f776eedba69ec13fbb9fd2dfe2ebf6db779ce314543e793eed2a22dfeff005ffcb3ff0083dffc3560cede4c6b8f3527fd0dfcc76f5fbf8ebe9c7d9e9eb9fb6a837174eebb1e98e02f2545eacb19a7b3794bbf5348b6a0577bf2968e65e7466559feba8c80ebf1d7f750b12bb1d6256596e6922297aaa145172d20aadc520289dd55a220a2edc7d2a1471e0e52abe80752c4231a535611a27910b50ac9d28070b94f5042ca74697f131d778e9cf1af259deacbd29b50951789e7ebd8f473ea73a7ea2bf27ff55fb99c6fb1da7ae1e1ea1bf1d7eb4a3ef31e6bfe6d767d739363495cfa8bcfa8f24bea87bbf72ee28d210abf16ccfcb3fe51c4e47d75c96426bea6c5e11fe6272d4923ce65f337aec9b94dc9beedd4d486b9d773252ee5c67596779b66b13553ba31348ef0c355ceeb2e337a513bc6a462f4a9dfa32e26adb596e2fa92f2b3a6d864466b4ebe062c749d19dd44c5d573be8b8cde99a774d48cea995c7e26b135a38fc0cacfc88d9b11ab6e8df6454d7d5fd23f6bad6d85dc88fd4b9d6af5353d7ac5f667d3e9dc57a4ac62a8a85b4a9e08dff9b9f9d7a3c4c0b5692ec71ebd51d79f63a56acdaf23cfd7a9df9f6342b70473beb6e76f857ff73beac8dbc3e37d278b73e7c897efb918aed6e1a5883a7f54ab2a7923d3fcfc64bd7efe3fff006e3efef7e1f9f5e88eee000400810080402000080402010094020100804020042201008040200408c05600020100fab4ec38ea8fceebf4658dc940dceb116acebb4a26dbec9789d27b6a63e9be9fc6fd9f116ad4ded935bef4bc652d59f53d733991f3fdbd6f4cbccfa921620edd974ec67d9ecc38f5ebc4723ca5dbee4e526d1e0f67b2d7b38e71c994dc9ea79abb1a241a2d42ac60df62d742c8ad904bb76378ceacaaa0c02b5d11314939a5ed33555391148e4670d2eeee1095005750ba0e430d23903437970d0dc30d0de301dfa1701573cc222994596e680b237354aba816a9a5fde50f0b916806df1454152aebd9f4f604346e47c4aab237e9fa86d4c0fdc694ddad07953c615df4e8eb527955f14faa9f71e54f15776f5748ba0da98a6371a7f98795321e3913ad54a9e05f3bfb3c62d7997157e6e9d4d4f7f7fb67fcb9fd22cbb9fd5d4dcfe9ed9bfcfca7eea4fa9bff00cce99ffc583fb94baa373fb2fe99bfcb3f68b2a2fb17ff0033fe13ff0013fe4d1bf0af4373fae7e98bfcb563bd65a3a4fe9e2b17f9fa8452b6df5373ddcdfcb17d5d4fc0e86bca3179a31b5727f9235f3e88cf5ece62f3c5af69e89f4e6cb9733726d2b97251d98d16abb6bd5fbd772f1766e27733e1bbd45cedec07f4adc929d36a496915e553c7fd1fd179b91eafe7f44ebe6bc1666564645d772e49ca6dbea782fcfdbe8c927c462779b938a5ef4590aae5b76a4f5a782a159c649babe9b557abf0f69592ca49aa493a78f5a7f32a393cde35bbd66b354947f25d55aaf69dbd5d6571f6f3af3f8f9b3b72d973f32e92eccf4de75e7e7b75f1337e6493ea71bcbb73d3b38f7a29255ad7b789cdd62f4a529a926bdbd895b58ac3d64bbd34f032a68435abd1ad68fc4caca769ed6df7d5854c596d6e7ff22978f7155a17d6b9ba6de899254b5dce03968e34651bbff4ae3dae0fa354d533d9ebefe32bc7eef5efcc4e4e18d8d7372729e35d8efb136e916bfa68bfa5e870f671971d7d7d794ff971ee720e8e318d1782d198b1da454ae5c93ab7d7b99c56bc3ca9e25f85d571c5af0ff69d7d772b87b26c7b3c5e46ce7db7763457a2be75fd4bfa8faffcfeddf8af91eff578fcb2e5dc716dd4f53ce98797d35348e9dabf19150f7358847272dd1b32d39d35272d00ecf16a4a8588efc1fc88aca9bdd42a9dea280a6ee4c5770ae5e7722a2b6c5ea4ab196ce5ee7d6b5056fb31deba55151a216d465d74f022b4cb2216a152698f3dccf36adc24dca9433d5c6f9e75f39e6fd4772e5c94632af81e4f676f5f3c6388f2aecb59c9d7c0e16ba87ef24ba3262f91259d3f1189e4a259affa8d633e4119e4dd7fe5db9cff00dd4d8f84f969b5c2f3d90ffcbc3b9ed9686a25ae863fa07d497e8e508db4fc752ce6fe98bdcfdba58ff6af929aaddbefd9154373d7d317dbcb44fed6384757393f3353d559ff0068e7657a12e59ad21d07f955ff0058e465fa76e5bafcad19bcd5f28e3e471b7215d02573af63cd3e8699acd2b72454251a2b2b617651336352adfdd3a6a4f15f224b22a5c3c88eed4b89a5dd563135ec3d0d282cc827d5b5a090eafc3f437019d85631a0a524e545a2ec7795c31dd5c9d96be56bdc5d3092ce5fa5d00a2ef2b971fc975af818b22f9564b9cf7230529cefedb508b9dc934b48c5564fe08c5f5f35a9ece9f953d61ea2c8f527a9b90e6afbabcbb95b6bfa6d416db715ec8a2d927c4fa8d6dbf35c57d482010020402010000100010080402013402010080400844020100801404023014000402540fb5dec6d3a1f9bd7e8dcebf6686a235fa778f8e4f27095cd2c63b572e3f17fa51dfd1c7974c7b7ac8f51cc73e943e8d87d34543e8f5dbc7c7aff006f2f7beb5e939cde9d5b679acb5e896472b26ea73db1fca8f376eb15c4e6d34da85460dd62da2c86b641a48dc89a653a006573a102fd5a74ee4556ee55d599aa473a902b955117437001c8216bdfc0604721815b0ba0fc400d940aaad022397800bb8a194c07ddaba68304faaeba1432bbdebd46078df7ad7448a1feb55393e8c601fb97dde8502390f5af6207575d28dd1bee023c8d5d5d69d4807d7696afa0c5d18e47cbfdc30d2abadb757a7508aa57675ebd756032bed7b4628bbcfb3ad49869edde7d1bf318bab63736a55fccf5a0558a75eaeae9a202d8db5b6afa517c58418da8c9f5d17e67e6516ab3bbf2eaab4af99644d5b1c57d9d5f9159b575ac66eb4ebf89a9ac5b1e9784e0ee39c37ad254daa5edd59eaf57abf6f37b3daf619f978bc5f1b4b4f6a92db6f5ebe3f1ad4efeef64e6387ab8bd57cc39ce4165e74eebb9ba8dedf0db5e88f93df7e575f5bd7cf8c7267911a79198dabb79116dd5e8f5f79a45bfe5497cad29bee115dc8c36ed9354a500a65676fe5ab8f8f52a58a6e63ef8b8b4a8fc4b2b363cdf2be9dab95cc7f925fd3d99eaf5fbbf6f2fb3d3fa70beae4e2dcdb7534d753d192bcfb79fb76307968ca9596a71ebd6f471ec7a1c6cab7720b53cd663d32eba56aec36d56be065a35c846706d75ec84427d4718ed6ba7416352ac8420e31a7e77d5f6336ada2ee3b31db17d2b43518bf2e7e4f23b60d45ed93d178b37cca95dbe2b3279dc6fecee3dd3b3f3d97d5a9774bda8ddf98e5ffb7ad62bee0e0dc3e2fa9ca3d2a15e84354ebe4cd4e59b54e4e74b72aeba74f035239d6ee2399b98b385c6dd60eb15e5fa93f69db8eb2cae1ece3ca57aaccbfba0a4bf2c926bd8cfb51f1aaab13712a37d9cba7708d6f396d030dfbbbd8096edd5ea4575f061468b11d887e52b2a6e81cecabdb6a15c6cace716f5e848d38f7b267726c2b671d6a729af0ee135dfb738c608207d74a5f89171cde4f92518bf9ba11a91f3ff0051727977ee3b762ddcb8ff00c31679bdbec7abd7cb8563d3fcf64cb747165af796879775d75d4c6f40fa86fd37285b5ef659c757f0cdf673fb75b17ed5654e9f5f21fb23a1b9e9e98befe5d9c3fb4b82a8ee46771f7dcd9b9e8ff973bfd0ee61fdb5e36d5298b0f7a4ff00b8dcfe78c5fe8e9dac5f4562dba6db515ec8a3a4f548e77db6ba767d2f623fa3fb8dce631e4d96f81c787e945c4d5f1e331a2ba2f80155fc0c7a3a46a5470791e2accabf2540f29ca707175a43f033796a74f25c8f031ab6a273bcba4ede733784a57e539de5bf271f23896ba20ac1778e92ec35319e78725d10d4c532b135d8ba2b7092085daca224c0d9879b938d352b53707e2b422c7ace1fd6bc8d87153badaf6b0af73c57af2528c54e7af997c99bcbd262faaeddda6bf897c99b1d08f311b8baa3718791fbadea7ff4ef49dcc6b1736e5f292fdbc68f556badd6bdda7bcb3e3e4935f05e88e6e854010201008040201000040201008040201008040200422010080402006a006006006000201fa06fd88d19f9a8fd16b899b6f6d4dc1d6b38cf8fe36dda7a5ebcfea5d7fef2e9ee47d1f4fafc79f9fbaf2fb3bdebfe8a36594b73753be4676b91caf21155b56bfe268f37bbd9f88e9c72e429559e4765d6fa856db5448b834c2e500b3eaa00abddfdc0477752284ae684092b84037854dea84137e800dc007202b930856f40a2a5a50b81420542e8001b2a0eed406dcbfb800e5dfb144726b529a3f56b461352e5f94b6a5d0aba5fab57ec06a467d6a10657745edd061a9f5169e64c5d17753d10c351c92d13ea30494b4ebd74016e34ab47d16a244a4526fdef42e1a7fa9d525af4262eac8cb679ba244c5d1faf493f2d3e25c34d1bed4979a7f0186acb7913bae118d5fcd57fc0b394bd3b71c650b69c968bb2ef4d7f037e2c792957773daab46d3d0ce34df896ee4e4f6c69169c63fcfe06e462bd1711c4d24a7b775c9536c3c11dfd7eb70f67b1d6e533b1f8ac3dd2ff0032ecda8b9a7f953ae9f13a7b3d9398e7ebe2f55e379be4f26f4e4a775ceabe54b4a25db53e677d5b7e5f478e649f0f1f93c84e33928f7f1ec5e785eba62797765275935dd791d3c58f236fbfb93dcdc58c86ac8e6dfb72fea5d2be43c57c9d1c5c8b3796e9eafad1f6673b31a95b76c546aa94ea8caeab928ca4f4d7fabc4a8aaf5a8535f9996566c72390e1ec6427ba293f13b71ecb1cfaf5caf3199c16563bdf65d62fa1eae7dd2fdbc9dfa6cfa578dcae4e34f6dd4d25a16fae54e7db79fb7a1c0e76d5c8af9957c0f3f5eab1ebe3db2bb9879719d5eeae9a1c2c76d1c9ac955761282f360a518c7b2a3f692c0b7afa76a526a8daa25e6244731415dbaaaded4769f0c3b3c2defdb4eafe5fa924d53ae85d63a9addcde042dde8ceccffedf297d48c5f58c97e68e9f11663a7abbd9ff00472aee3cada49f5ecfa171ab59af5a4e2fbc97461ce870f6a77b97c7c6ab7be6aabc91d7d5cef52387b7ace6bdef214e8bb3a7c0fb4f8ca60c06736ba0418cee3740355ab727d48355bb682ba7850e85895d48af94aca9bca89b0385c84e95234f399b39c9b518b7ec1aacd8f8f953925f4d9355e9f8ce3af46daaaa36565d15c65d9f7643575ae01cff00355d498793547d31629adb4fcc961e458fa3f19cf77d34bdc4f0879d6db5e9ac682fca90f189e55a61c2e2c3b22e26b443071a3d1016ab36974800c925d229006afc401af88128046804942a80c9918ea49e85471b3b8f4eba1479ccfe293ae8435e7b3786ad7e533796a570f2f855afca62f2dce9c6c9e1daafca62f2dce9cdbdc6ebd3531635ac3778d97f49064bbc74d76298cf3c09aeaa85d4c52f1a9d46a17641772a8c6ea8f409ad36794b96fa3a0c35d0c7f53655aa524f4f32a3a78feb3ca54aca9ef372b36383eace732397cfb73b9272858b6a16d3ecbab7ef1d52470a4f5a1950008110100200020000804020100804020100804020042201008040201008006006000201fa126f740fcdc7e86a8c2c0597c9dab5255845ef9fb23a9dbd3c7975231ecebc79d1f50df52c9925db447d4ede3f5bcee666cad5b6ababe870ebbc8efcc716571ce4dbd5b3cb5d4d1645d69b4c98ad319a450eaeea1455d206faa00faadb209f548ba12b95082ae5498ba2ae0345cd0137f80037001c8b815b088dd001b861a1bba0c34bbbb970d094b518682914d1ab068395579013737a1415274a77015cba79042ee6dbec9e850fbb4a220339d3cd20029a5aad5d3429a09d1d3b80db925e6ba90494bbaebe0015d3f8fb403ecead274f3006d94e545e2ca1e69c7f08914bad52a6bd3e201a4f45d2a9a8bf6146bc0db6e4e6ba553f66dfe6ca98ee45cf22dadd5518a556baa6975f81ad4c69c3e3e575576d2a955bd1ebd3e084896e3d0717c74a514eaa36db75aaee76e3971efb762e66e36158db6a2ddf97cbbbaad7afb288ebd7724f872e78b6fcbc67319b95972bd6d37451dd3ad7aeb47af4a1e2eadb5ece6490991872bfc6dbbf72adcadd64e34a274d199eb9f8d6b9efe71e472acc5b92ef5d24395eab04edbafe0ce91cd65b9d2293edd4cd8b28b7ba4a9ac7c81a683dad38bf77615656eb595736d1be9d0c5e5b956c721feb6a2d6b55d193174f3b9dea9aeb264c15cae41d2ba7817114dcb50945f7d75f2f61651cde4b85b5764d6da37aa7e7e075e3db63977ea95e672b8bbd8f3adb6d3f2e87af9f64af1f5ebb3e97f1fce64634d42f552e9b8cf7ea97e9bf5fbecf8af416b9cc6bcb646e2953ad0f35f558f573ed94ff00b9837be33a2f0ee67c5af257fb8bd9171a6e94e9d8dce6466f5ad90b6946296b05d5f8b64d17dbb8d37bab5ef4f322bd3f197f1efe1dcc7c849db6b7425fd125ad5799d39bb1caecbb0bca715765896ddaa39cd38c65b7727a75ede3a1a917fd1e5712ec9cee6164476e4dbaed54fce978325e57c9e9bd23c37d372e52e2f9a69c2cc5f6d7591edfe5e33feeaf07f5fb37fed8ebe5c24e67b6fb23c5e15542d4ea67fd62f855b1b127d47fac3fceafb56121feb0f06b846889fea782c845d44ed31d0c6725d11b96b371be129b4b437aca4ed4e6a941a8cb3e25dc7aa22e957a7ed5358fc426adb5c2e3c1a7b501d1b5876a315443469859b6bb0d1a6d282e941a8d51849ad081be93015d94141da2215db6141c58028c01a81022054a011a02b9c40cb7ac4649d5151ccc9c0dd5a46a51cac8e2252afcb4039d7fd3ee55d0986b9b93e99852aff1278af939395e9fc6b75ad09fe6be6e2e6e261daad22bde66fadaf279ce4726c42aa345ec31796e579fcacc4dba19c5d73ae64d461aa2575b65c42b9c8205594329302db4d4a4b77e5eadf921053726e5294df593aff202a00810080102000080400010080402010080402010021102a04402010080400302000000403efd6e6e513f371fa2aeb7a7ed6c8e665496b14a11f7ea7d0fe2e7e6d78ffa7af891e5f98c84efcdb67a7d959e23cbe5df772e3f05d0f1f775e88a5339b4ba0305f1740a7526434778536f00a9e84c054c80ef006e06a2905d1dc01dc4137944dec09bf509a9b81a0e402a91701dc861a573d061a0e557ee280a5e00355d180002dad52026ea529d7b9423690137044acaa9ae8512b554e8048bf0f600d47b5aa7cd5ad7c80916da7e603c3bb7d57422ae8c1b74a78b6407646abbaa75f6328d6b1e31b6da5aa7a7bc95554ac516efd356fe04d555716d5b93d535b7de5089b93dbfe2d7fb823660da72da9aad5d3e0eb56557a6c4b09a8daeee929f83a748a37239f55d9b6a159350f9557bd3af43ac71adef2256ff00eda29a517a535ae9e274b7f0c67e493b32946d5b92a5bb8f6de8d7cb4afbc967e0dfcb6cb8ac1db1b7721ab9ecb956a9551aa4abf9a5a33acf5c72becae07a93216363bc58aa5b8c7e5a2a6925dfdc797dd7f0f4fa66fcbe7f7ee37292a68faa5dce11deb2deb524b73ebfa4e92b1628942547454f04fc4a8ae1765174ef07d0586ae59504e9e3aa4ffb75467c5757c3215535f8f8131655ea71d29d7aa338d7915de69bf1ef42e1e44557fab56eaffd8555d07b65b5eaae3d6bfc0caafd250fa737551555ee20cf7f1217e0e338a92eb199ae6e33d73ae2e77049a6e9a3fcabbd0efcfb5c3bf53897788c8b326ed553ecd1de7b2579efaecfa54f2f3ecfe74dc7fa8d78734f3ea3a1c7733194da93a292a50e5dfa9db8f6ebd363e542e5baad5f6976479acc7a25d59727575afe6a5179922b44331dbb6e4dd5691a799a895ea3d35cb6367c1d8c8a6ddffe52ae9192d1fb99d39eb1cba9f98ddeaff475ac9e31e76345c73719c65ba0b59453d6be34476ea7e5c677f38df6ad285a85b8c52842292f8165ebf0e37c45e339bfee3738eab17be62db7c6dc7d226e7aab17d917478cb9e0749ea62fb56438f6bf4baf99d27ad8bdad86049fe9353863c975bc16a5a9ac4d742ce3db4954d32b765becc031b9663d648032cac65d24048cad4ff2b207fa54550a5d53eb5024a525d1b02dc79493e8074acde54a308b1dcf0006e6012a2510136a006c404fa6801f4900aed21815db4bb8c0ad4461a496df0186ab9ca2baba1713544ee59eeca39d97c862d9eaaa8a8e4e573d8314eaf6fb468e1677a9305a7b2ec5f901e4b97f535af99425b9f8218d3c7727cce4cea92a27e273b5b91e732afe45c6db6ce75b60926deab5322b717e000da80569005200ea036e6ad3f19fcabd8ba814cfc00004020040804000100804000100804020100804020100204088040201000c0004020000807e82b48f9dcfa1f5baf63a56ef2c6e0af49ba4ae5c7f823d5ebe3c7970efadea3e7fcae56eb9249fb4f3fb6bd1c471652ab3cd5d61a3d48ad36d1305950a8a44054802990326145306a6e6434770c1370c35378c34770c54dc304dc300dc113714d0dc0d4dc0073ee10ae402b93a14326c06defdc31751ca8c09baae800de5c341eb402574083100d3f10a2a9f32019394925ee20b2115eeee82c868a74d7a017c136ffc292a322ae769515234ab692fc4a2d8477c535d24d57d8820b92fa6e0fac24db7ed25572f22e349a5ac932c89696d4e8de95d548b84aed71d05b135a52b2abefad6845b5dbc5c98bb31ecb76ff3d74a7ba87497e1cec7a1c6b4ae5884da4eaf46bbaa7ca7591c6df968a6f9bd8eae4d5634f0eb4f3d0d6b2df732ecf17c5cb90b8a33bd7291b56a5f3564b4d3cb53a6f8f3ae79e5d62bf4fe3e5ddb0b2b2e4e7393935ba5b9a72d1517f7f51ebdcda7b337233fa830ed5e8395cb6d6ef953ece4ba3f71c7dd1dbd371f38cbc24af49c5756fd88f1caf6e29bb8f18c574a78ff0022ca96306463b855eb5eedf8ff0023a4ae56315db2f76ea6abf15ed352b3631e441cd376e5f4ef4754bb33718ea1313924ae2b77be5b8bac5f47e6997ae3f49cf6ea42ea71d25d4e38eab2329d55574d7da14f271496d5aff101edca5b7dbd0cd6a55f09a8cbf891ad3c25f349354868f4f000cdd6aa4babfc1f42c4acb7b053b719a49dbab52373a62f2ceb8db77dedd8b55449f646bcf19beb73f37d211ba9ddc396cb8ba783a1d79f77edc7af439b8b9795837de264c5c2ea6925d9af146bae25f989c7765caf471bca50824faf53cb8f56b367e4b505b1d773a4178b3a71cb9f7d3570f933c3bd08c26fe5d5baf7f1f897a6b97db3d2bcad9e538f8a9b4e5b764fcdd3b9d7d7d3c7ede32aff00f424935f03e8f3259af9fd5bacb2e1250b95aca9e06f19d74f16d5bb70a6d7ef08ba53b4974482041e3bd6b5651643e8c9d17501dd98f8208aa5675d18153b176ba49a28aef60dc92ab6aa419e18938bd6681ad5694a3faabf12e1ad0ae4e830d34373189aba16d970d68b76d0c1a2dc1202e4900684100800725e250aeec1771811e4c177189aaa79f6e3dd170d67bbca5b8aad6a0d73e7ea6c44dadd47e63e02ae76cdcfcb763f1032723cc6cb4db9fb1a7fc868f3195eb3863d77646abb56a3e51cff00ff00e89394f6c21bd79aa0d5c62e57d5597761be29c576542fc195e5f2b97c8c8aa9bb95f055a7e03ca7e0c72ee5cbfb9ba3ff008aabf893e558737132aec7ea295b8c7bd65fc8cf5cd6a58e6ce16229efbedcbc235fef338d6b1cefd983a46afce466d58cf72eeefca947d865544a2dbea405d9b8a356b4ecc04fa6c09b62baebec017e5ae880171eb45d23a2fef02a7ab02010020402010000400004000402010080402010080102010220100804000000800020100fd1b6f19f81da7a9e8bec60f5265bb18d6f161d52dcd79bd4e1ee99f0ebeaf9af119ab6c6afabea7cfee3d72b9f5d4e2dadb7d48bad0a41537904dc4c0ca414c990326301a806a412a04a812a044c03500540950036502a04dc02c9940dc3004f50193e80152d2bd809bea04dd4d4a8955502375d7e214526be00327aa7e003c7c7b9153e56f4e8b560590d75ee45590d1d02a552ebdfa817d969351ed55a01a2dd249393e92745de9dc827d6b70707d609baf8d7c0a8cb7b22b16a94925a3f1541831b9274725d3afb4d32d16a36e745174949d35f05aff022eba96dbb76a31745396897855ebf803471b29bbd19425b76b5049f837a328f4f6f36f5bb304fa4758c1fb28ff89af2ac6474f02f39dc85872d53dce4faa5d59d39fd3977fb71397e5bfd5b9bb70aedc6c6ac2cc2b45d7f3e9eca98ebbf2adf1c78c7b8e2efc278f6ac59927b155baeadbd69fed3d3c5f879fb9f2e7fa8b95c5b78cedc64a8dd25e29f5f94e1efee663b7a78bbaf9f5fc88ca6f6e917f823c4f72b9c6138d63d35af99a95965b965d293d5b5a53b1bd4b186566497b3a9ad62c557acdbbb1ab5ff00177459718b35c2e4f8f9d1b69ba7497467a38ede7ef863c5e52f634fe9dff9edae92ee8df5eb97e98e7d967dbd1e1e7d9bf15b675a743cdd7163d5cf72b62d9297cbd974473748b7638f5d52ea0c58e8e8e9d3a3f2229955275ebfc5051adb7193926eabb762c2aadd3925093ff2ba28ad35668c496eb4d4632f9a7a55ad547c48b1ba17aca8c20935b7f337d044b1939ee06c7298cbe9351cb82dd8f77cd2d62ffde3af1de3cfece35e4b8ecebf90fe8b8fd2843e5bc9fe66d3a38f96a75ef893e5cf8eed5d917e57b25463d22a905d92ee49322dbb5aa17293492aed546fa688cb72bdcfdb9e56f5bbb7edd5bb49d14bc5f5d3cd18eae55eb9f28fa5dbe7e13b71937b6716e1763e6ba4979347d0fe4f6794b3f31f2bfa7d7e377f6be3cbe35ceb23d6f3aeb7938725f98225d8e3cfa340531b36a32ab9a6bc8a2e57f1adbad6a025ce46dbd1345c452f364fa3f80c34565dc2e26a7d6b92eacb869a2116c5016c5016c00ba005f002e8ca2bb9145dfb6bb8092ccb6861aa65c847b04533e45f428e6f25ea1861c37cf58aea4d8390fd73c7c9d1dc945fb06c329fff0092e1dc558df4fdae85f919b23d4d83695679105ef19471f90f5e7176edbff35b7e2b527fea3c8e57adf06fdc70c7cab70b8fff0071497f026f2b94b665ea8cb92963df85cb6fa7d37fcc5d3e1d47c3fab2e59dadcebe2dff0021b4f8608fa63d4719b95fcb8c21de338a97f14596a7c34598711c7fcd9b72cce4bab4947f817ff41a6d7a97d2775fd35677b5de35686c32b3e6f258f38edc1b2a15d137145d863ca735c4fa832ab2b7f3a5fa629a33d7cfd353e1c6b1c173d096dbb853945ebf99a33255bd45b3e31db7fe741daf14fe63590d572e3388b8be6bf1ddec6878c36b999787836a4d4692f34ea62f322cae65c94232f9150e75b495dbdb695aa02a7194bb32031b173af45e6302ce0edfccfdded28cedfe2400080400810080400010000100010080402010080402004220100804020018000804000100807ea18d86cfa06bc97abadca39cdbe94543c3fd33e5ebfe7bf0f2596f73753e776f6473df53856e1a2c2ac570980ef22e8a9034ca4453a90c0ca44c054c606520a3b91301dc8609a01060230000003b944602b2a15802a032750226146ba502154974181aba0122abd4a1974f264532ec4052ec14f1eb47d57401b6aaaa7b82ac8c53abe94d4823728a7e35ea0a48dc52d29a74f8971357dba27abe8f40346e5b35eab4af991497a5f26896bd5781067baf4f3efec66857712716d775497f0a889599ce5092d745a1b8cd6d8674fe9fcdaca29b5e753362eb56164c138292a6e746fc29dca8f610e630296dc9d62b6a95695934bf81bf28e7e357e5fa83161c4df78d16b22e47637dd47bd3c2a6baf64f1f8667aef97cfd3c671b957166ca4e354f48d75d2a71777bcc1e5edd8b73c8b757582528d3bbfee474f3f19ae7e1bf0f27cf7293c8bee5bbe5eaaba791e7b76bd3ccc8e25ab97652eadaea93f22d90d698dd717acb4eaccae9d5fb52a6e7eea8c34671b3756afa780d467b98f283d35afc4d6a62b9d884db5355aad53ec996566c71b90e02a9cadaaa677e3dce1dfa9c19e3e6624dcadb71a7c0f46caf35e6f3f4e971fea294696f216d7d2bd99cbbf4fe9d78f7fedddc6e46ddf8e8fd9e0cf3f5c63d5cf52b675d62fe6edec30d62d8563149befaf9802e5c8d76254d3565594b69c1ce9d20b57ee154b294defb93d5cb5d7b2ec91ad096f25c64e325af5f242c4d74b16f2714d37ed2463a795f55e14b8fcf8f23622958cdf96ef842ea5abd3fad7e27a7d57ca67e9e5f67fdb77f6c382a4b7ce535272d62d762f6bc2c97d4bd358f6aaeedc7b63efeefc84f8f96afe9f4cf4bd8b189836f8eb914a315ff00592a4d4dfe6957cd99ea4ea7cb7e367cc7a4841da8d24eb5e935d1aec7aff879937f6f9dfdd76c36e4fb9ef784ca525d1b5ef02e85ebcbf53260b55dbafac994327e2c22c8945b108b2205916059102f8016c6803a9a401590bb34065bdcee1d99fd39de8c66bb3691422e66d4f585c4d7934c82a7ca49ca89b26ae393cb729ca45a78b06da7abed41b7f098e164fafb2b8e4de73b714bad7a8f91463fddee06ecf6cf76eff0aaa33e51af1ac3cc7dd3f4dbac6e5a9cdffbac797278d79fbbce3e6fe4e35ced6ee8d2a7f1a1b977ea33667dd5f83f6d7d4391715ebd9cd27d3e66ff008331e37f6d793d3e1fdb9b318afdce54a5ec189adefd0fe9ab70ff0039ee6bab948b89ae564f15e89e3e4e517677af14997c4d70396f5962e145fec2109d3a28e84d93f2b25fd38787f72fd4373276414adc2b4d62e4bf0333adfa6af38f6388bd4fcb5b537762e325ddedebe4ce9958f8597feda5ecdb75ca9da6df5dbab267ec9586dfda0c6c59fd58debb54eb4849a449c62f956cdb8fc2c5fd4a523ffbbf33d0dfcb3f0cb3fba3c4424ad3c78dd5d3e48a44bd49f6d4e54667abb1f2e15c7c269be8ff00f02cea278bc6f357798c99b50c6b8a2fb453fe467aeafe9a927edc98f0798e2ee5e84ed3edb954c78af91218169ddd93bebaf8343c62eb75cf4bd9fa7f5237233af67254357d69e4e4e4625ab758bda9c7fa5d4cde5ad61771425f2b7ed7d0e6a6fdcce5f27cb52ca3264cdb96df0ea4aaa19040200408040201000040200008040201008040201008010880400010080002000080402002a07eb4863f91f419795f5de1b8bb5792a29469f03cdfd1cfc3d1e8ebe5f3bc97ab3e576fa11cf6fe6670ad8a91174770077005488a78c86065221a6520ba65221a653d01a3b828a900db8980ee1826e180a9011b4006ca25500ac042894d002b40237ad4056f5ea007e28a874c8a68f5f68534551d1816c629d7c5195474557d1801b6b57d5328657557f88c34d0bb18eadfca8626a8bb99ba4e3d132e26acb3f9baea4ab1ae0b4938eb5d6865a596de8eaaba0aaae534dd62b5e940164be14ebe405136a9af4a51fbca9592ebae9e0fa1b8e75b30e0a505e54467a6a3a7898aae4f6a5a756ba74ea42b7fecd69271f96a9a5e5522b54f1613b526ba3abd74a9ac6759f1b8c9ab91942bb935a35fc861e4e9dfc6b9f464a09d76eb15edeaf51d7273d3c967bb919b52aa75d17f71991d2d6685f9fd2692a6bd7cd1abcb3e493b8e744b4f1fe4242d2453fd6fd8ca8d16aece0b75694fe066c6b56bc9d695d3af8d199c5d346ec1e9fdaa30d349c1aa556bdd7f1032e460d9b96dca51ab5f99a46a75631d712b8d9be9e84a1be0b46aa77e7dce1d7a5c49e3e6624ab6a6e3ecd51df675f6e1e3d73f4e8e07a9ef596a1971d169f5174f7a39f7e897e9db8fe8cffdcf4f87c858cab7beddc524d5343cbd7367dbd7cf52cf86995b8ca2e49ebfc8ccab6334ae382a3f9b7513f1a1ac4d3b7ba55a57b6846b497a0ea92fccfab2f2cd6fc583fa3b575ead066accfc4b3c8605dc2bdadbbd1714fba6bf2c979a7a8e7ab2eb3d732ccaf17c6f1f7e191770eeaffb8b32d92edec92f27d4f577d4fb71f5f3f87a7f4ef116addf95f9b53947452f169f4a76a1caf5aefcf18f4cadca1f32746c96bb48e8c3d638de9be22f66f236a57b0fea5ab525149b52b8da4e8cf47f1fb73ab2be6ff7faf72cfb5f83f713edaf2b45fbab78f75f69d6db3e9cef9fde3e5de3a76ace1f1397153c0e42134fa252535f81b93f5759a697119d6f58edbabc9d1fe23e423b77adff00d4b52879b555f80f2861e2e2fa34116c60fb145d0b177b045d0c79f76059f4e11ee4054e280a390e52c60e2cf22ebf920aafdc34c78497decf4f4e4e36a52ad69aaa7f124ea5fcb578ab97dcac3ca87f937e0a4fb54d6258ba3ea6adbdf3cb82af555ec3c6a6bc9f3d9be9dc8c879195cab5752a28c5d525ee25e67e5a9af3b3f52e5d9b9f4f85bd3c87dbf37f0337a9f8babe3fb75f03d43f745dbdb1c2734d68dad68275d7e8ce7f6cd97c9fdceb93ff00b8b2ecdafd493a69ed1e5d7e8ce5d2e331b86bae32e6f32e39bfcd6dc772f8ba96e7ed3e7f4f5dc7e07dbb9251b31b12977dea8c4e52d6acbe23d191f9ddbb108a5f9950d78a6b819f99e8cc54fe8e5454974505a7e04b24fba4d79bc9f50fa9af5e56fd3f6e57235f964aaff892dfd7cac9fb7678dc6fba99b051bd4b29fea74425e8f875ad7db8f51667cdc8f28d57ac6151f3fb37fe1d0c2fb59c1c27ff007529df9776db4878c36ba6bd11e94c785162db5e72ff006964472792e3bd2385175bd6b1e9ae94fef2e0f1bcc7aa7d3d89b9637231b935d2356bf813399f93e7f4e6e0faa7d779777ffda6dfd5b5d6b192946866f57f0d64fcbd0587f73b3eda8dc8fd04d757446a5a9f0e7f21f6f3d6796dcaff0024e8ff00325a92cb7f26cfd2ae37d2b778e97fded8fdecd69be50a167c7e12bbf639ee238f8d2e71d6eca5dea97f135a98173d71e94bb54e71849758d35437fe572bce731ea8e0275566d4ae37d1a7a7e22d8495e433ae66e549bc4c6928f6f97fbcc7577ea373e3eeb2cf8fe6edec572138ab8ab44f448c674bb0dfe978eb5bf91b1beb1dacd78cfda795fd2fb3c7718da51baa7ed659cc36aae4f06d62dab993270e9f2a5e3d1244eb9cf939af3326db6df5671740020040804020100800020100804020100800020040004008400a8040880002000080402540001480fd77fbcb0ba23e8b0e17aceedbbfc5c6492f9254f89cfd93e1bf57c57c9b2edb539773e3fb39f97d4e6b9d354679ec7494b5206dc45152180a6434e98514c02985329103290c137ea303291174770345481a9b861a2a430d1de30d4de0d4de81a57345c34bbc620ee18ba352056e8ca36f13c46672d7eed8c3a3bb6a1f51a969555a13aeb13433387e53064e3918d38d3acd26e3f1449dcab196324683c5d5855b0a3953f125587aba791142a9f5012e32c67544ee52aea5896ab9dedcb4f79ac66d569baebd80bad64b834ff0258b2b5dbcf8b7a98bcb7e4d11cb87cde64c5d3425172ebeff00685d5fb56d4fa99564bf18c569d1162573dc97d47e27573b5bb02ea4e51aaece867a8d47638ebabeb34de924d3edd4c45ae9dabd19a8a6d36924fb77e8346976dca17292dae9472af67a9a8c56be3b1ee7d44dfcc9a49a7a6ab4d29af73a7318e9d7587557574714934968fbe8fafcddce9e2e53a791f51f1ffb79dc9c952b2515a535f33875ce57ab9eb63cd5b507756efd5d178790a2dbf6545ba2d1781995a5726946b4a69d3d9fc80584d4baf4e9fecfe45a89a45a75e9a27dc02e4e8ffa7bd3b7b026995f938b724e50f2fe04c6b57a96eb7b63a53a35a114f24db7149464d5612ea9f8a922163064e0599465254dbfd2bb33af3d39f5cb8d95c37cbb92d3b1db9f63875eb731e366614f7d893b725ad1747ee3af94ebedcbc6f3f4eb71deaa9c76dbcd8ed55ffa8bf2fbfc0e3dff003fe9dfd7fd3f8e9ddfad66fa572ccd493f068f3e59f6f4ecab2d4763ad7e67f01a98bedc65726a4f55e2b409f2d8a2d46bf12203a3dbabebdbcc838dea484b1af5ae4ec555eb2b6dd5fd76fab4fc6876f5fcff00db5cfbf8f97438ce4f06f5bb7936b26d6d951cfe74b47ddaa99ea597e9d78ef9b3ede8f172b0eec773ccc6d8937293bd0d22955ba275d119cebf553af7733f2f9dfdc4f5bf1fcc5bb3c4f0f5b9c6e3dcfad7b31a71faf752a2d91ffdb8f66fa9eef47a7c7e6fdbe6fbbdbe75e2a328bea8f4b82db797958f252c7bf72cc974709ca3fc1907738dfb8beb3e3da58fc9dd9457e8bafea2fc4dceecfcb3798f5381f7e3d556a91cbc6c7c982ead27066bfd6b3fe71dfc3fbe5c0dd49723c7ddb127d6704a4bf0d4b3b9fa4bc57a3e2fee2fa3f364963f251b5297485df95ffe6353b9f8acde2fe9e871f97b17a35b37addf8f8c249ff066f6b38d0b361faab1fc49e50f1591b919fe59a7ef2a0ed90097f16d5fb52b7763ba0f4698c1e5f90fb63e97cdab962a849f78e9fc09788be55e6b3fec6e0c9b960e5dcb2fb2ae867fcff4d7fa572e3f6439b95c71b9ca4be9793752785fd9e7ff000e1725e88e6fd35c8376b8f7ca63a55deead57d833c6fd69bb3ef1d1e3fee4d8e35a865f03fb66baca36e9fdc6ff00d67eb13fcefede9b0bef0fa5ae5b5be52b32eea4a8275cfed2f354f21f78bd2f07b6d2964cbb251aa2f9733f24e6b1dcf50fa839d87ffb5fa7edab53fcb7ae523a32edfd264fdb15afb55ea2e42f3bf9d92b0e4f550b536e8cc5e6dff8ff00a353ac6d97d97cc9c12bbccdd9c7c1c9d078ff00cd3cbfe1823f6d7d47c464bb9c6ab59705aa579b93afb0bccb3e92d97edd5c7f58fac384835c870b6dda869bad25146bcafe99c9fb69c4fbe9c2fe5cab372cdc5d5534279f2d7854ccfbf5c3da4d635bb97a5ecd079f27874cf67d7df70bd41072e1b02ddbb2fa5c9ca8cbe57f11327e6abb9e97fb8dc8493e53948e3425d616a4ff00b89ff77ef0f8fd35e27db0e33f3721997f2a7dd393a13c67e57cab54bedb7a52a9c71b5f17afc4be33f49b417a61f191ff00b1cdb78b05dabb51a92fe12d9f971b94f5b727c3a7ff00ee30ca92e90849485d9f7613e7f0cfc7fdd9f5364b518f1372fb7f967084a8cc4ef7f0d5e73f2ec4727ee5f2cbfc9c15896e5dee68cdedfc467e1933bed7faa39183967e7414df58c05dbf92593f0e54bed3e660ec9b94afedd66a95afb0ccf5c6af756cbe8f1b1daf858ca51fd7475fc4dfd7e18cdfc97ff99f196a4a19161e32f38c683ce2f8aae43d45e9a92deee466e4b55d1fe05d9fb24af359bea4e1e7271c6b0e527d1b7fccc5ef96a735871f8ae6393bbbb1ed3843aee7a50c78dad7948c3cd6166605e8e2e5dcdd79c54dc2bf953e95f3663a967daf35cb665a440102010080402000080402010000102000020402010220100015022000080002010094601506032b6431646d8d5c7dea7ea28ff51f43c8f05391cfe35fb13b179d6dcd51ebd3c1af613ca2f8578fca7b6f4adc9a97f4cd7468f99eee72bddebbb1cfc8b5dd1e5ea3acac8d3473c69371145301930194881948628a910329034530a9500a6036e209b82a6e026e026e026f29a1beac26a3953406a6e02542a6ed00594f5189af63f6d29fbecfb9e16a11f8c9b397b3f0cf7f4fa0d6338ed9c54a3e0d54ce38b89ca7a2f84cf6ee461fb6beff005dbe95f6166cfa6e7b2cfb790e5bd15cd71f5bb663fbbb0bf543f325e68d4eff006e93d92b831bc9553d269d1a7d51bc6f4cefc69d689131759eef21697ca9d7c686e7aeb17d919a5cac1ba38b4bc4d7f9b1fe82b26d5dd212d7c3b93c717cb562a2d3e214746c80a8c56bd7c4291a55d0a864e7d991756c2edc4eb5258b2b6d8cb72547a18bcb73a25fbce5a1642d61b927bea8dc62adc6b8e3713ae94d4584aece2ddacba9cac6dd3c3b90faca2b54a8a9e24c1dc8ecfa0a34acef4f6ee5d953c0dc66fdba78928d9bf0525b54536a4f4e8b4474e6fcb9f5363a5877d5d8cb73f91b9512eae4df63af375cacc79ef54d99cd4a35572da4dc3727d69a57dece3ecfb77f5fd3e7b7a376dc9a4e9b5d5f669f7fe4498d56a865a95a4ff52ebfed31796e5f824a9713496b524f818af3bb8773ea463badcb49db5d69e3167499d316e34635ec7bd1df09292e9ff8a31d4b1ae6cad0e1dd52afbf633ad5848464b45a766bb1a4169c27249d57881a7729a8c53d9763f95bfd5e461b07353adc4a925a5e853aa5de9e28a9602b5071d7a3d772e9ae9535acd8c993c7c6e4dc52e9d3da6e758e77971b278a4ae38afcbad51db9edcafad9edf15c9d8ff3305ca2debb23afe06bce5fb6271d73f4d363d41978d48e6d87a3d671e9ef462fa65faae93df67fee8f55839f8b7f1e13b338cd4ba50f2f5cd9f6f4f3d4bf4dc94294f1eb433a581550d29f332b35c8e6e72b966edb841dc92849c6115ba4e89bd123b7ae7cb9fb2fc57cca11838a745aaea8fa6f94b31f763e44322d2519da6a5b925a519652c7d538bf417a7fd5fe9db5cdf190583917253b77f1a2db50bb07aaf7f5479bd96f3d7c7d3a73f33e5e6398fb63ea6c07276ecfee20ba38e8cbcfbe7e4bc7e9e632b8de4b1a5b7231ae5b6bad62ce93be6fe58f1b1976bae8e8fc3a1b415f5575e810652d100cd45f54981762e766e24b762e45db125dedc9a10aef60fdc7f58e1d1473dde82fd37a2a5f89b9dd66f11e8b03ef57256d28e771f0bde33b52dafe0c794fd2783d2f19f7a3d37728b25dfc393fea5ba3f146e773f6cde2bd5719ebfe0339258fc8e3de6fa45cb6cbf1a1a9d33797a1b1c8dab9152d958bfd506a4bf02f97ed31a6de561cf457127e0f413a89957463196b169af22893b1096928a6060ccf4ef1397171bf8b6e69f8c501e733fed1fa432e4e52c28c1bfe9d0cf845f2ac997f673d36b8fbb670b1e36b22516added5b8ca9a3f717c643cabc2647db5fb93c5b72e3f929dd8c7a2526b4f67433ff007fed779fd327faf7ddae1a5ff738f72fc23d5b8a97e2879f5f98be3cae5f797d4108fd3c8e2a4eef7eab5f6507fa4fd1e1ff002cb77ee37adb36f42dbfa7c458bae8b22f2d157da6a776fe319f19ff00577307d297b998a9f23eb28e5465d6cd8692f66a6b3abf9fff0009b27e1e8f17ed87a461614163fd792d5dd9c9b6dfb8cf843cab53f40fa4d476ac1b7bd689a45c83977bedb58b29cf8fe57238fee9297cabdc3c7f5a793ccf39739ee093b90f56d9c9943a58bad3932e753f33ff005365fc39f83f75fd671825fb0597bbf25c8c5d1f9aa239ff00a7fc37e13f6cf9feb9fb8d97b9c31678b0eaf6db7a2f797cfafc44f1e7f69c4dbe039771973deaab91b92fcf8fac57b2ba1af8bffc93e67e1f45f4dfa3fed8dadb3c5fa39b77aab939ef7f0353d73f4cdeabdc58971b8d151c6b16edc12a2da90435de42104db928af3186b8bc9fae3d3bc741bcacfb506baadda9accfb3ede2b97fbcbc44e4edf1d66ee64fb7d38ba7c4cf9f3fbd6bc6bc7f2df717d5796dc2ce04b1e0fa6e8d5d3e04ff005bf88784fcd72f07030399bcaef2dcc5ab527abb54a3f613ff0077dd5dcfa8f4587e86f486d6e392b25be949688d4f5466fb2b2e7fa73d278f6a6a5930c79754ebb9a7e45beb9ff42775e6b2791fd95cd9c6f212b8eb44954e7d759f55b937ee38d99957f2b2277f226ee5eb9f9e6fbd34395b6fdb72282288100804020100800020100804020100804000040804088000a81000804a8000940194580cad364d5c58ac8d30ead791354cad934c3280d5c7a39727952fd479afbfaafa1e1153cdc87d66ccdf675fb5f1891c9bbb93726d7819f2ab8e95abb1bd0f3ee6e5d655deb1dccde56565941aea631ad293175136303291303a63144064c825406a8c5452a0c0770c1370c3537130d4dc30d4dc5c342521802601aea04dc304721815c9834bbd568b57e0b56547d03edc614ed6164e5dc8b8bc8b8a304d34f6db5d75f16ce1dd96a777e1ed22cb238ae8b897232b23e4691e6fd51e8fe2b93b57326b1c2ca845c9e42a28516adcd19933e9d39f659f6f902b7999777e8e3c2575d2524a29eb08ba6ff61e8f8936b5b683c6b98f0572fd994635dbba6a8abe0377e9733ec93cbed18a5ed459ca5e9438b759c5d29af99a670cb2b222955d5783278af9569b59b6e4b57b5f8333786a76bd5cf0ee671bd329aaaa930d32b897bc61a78cd2d7b12c5d591b91ae8e8c98ba7de9ad7a91ad67b94d7c0d46685b69355e85aceb7e35e5548c58dcaed634d2f9bbf8fb4e6e8eb61e64a1b672d5c5fbba50b2b363b36b26176b38cb55d13eaf4f0352b3637e3cdc6cc747f569be0eaa89a7d11da572b1cbf51e4c1dbdf074dcda9c5f45dff06cc7b1d3d51e1f2ed5bb8dbd6abb9cf9b8ebd4648ed84d45f57a1bfb6562b728baaebfd26754d3b71b96dc6e2524fa791370b1e773f1a78f75cf1ee4adcbc99e9e3adfb79bbe6cfa0c5f5266d896dc982bd0fea5a4bf932f5e897e939f7d9f6f43c7725839f1ff00227fe653e6b52f964bdc79bbf5de7edeae3d93afa6a959ecf431ab61364a8937f376917562293ac1d3e65f06fc1f930abada8a92dab6db955b8f832184bae4e2ff00ababfe66a258cb39464be9bf9652d5fbb536c55f89f53755522ba3a2ea370c69bdc5d9bd171b9052dde063ccb1e513b9c2f317319e969bdd6ebdabd4f4e79f3bf97097c3acfc3d562e746e41493ad68db6792f38f56eb5cafc141ca54e9a12257a9fb57c14b2390c8f51df8ffdbe329e360c64b4b9726a9767af5518fcbed67b7d1c7e5e1feaeff0f967dd2f425ff4b7a82e5cb16e9c1f21395ce3ae2ab506f59d89784a0fa791e9e6fe1e478da26a86c7d2bec57a8ed61f3d93c0e5dcdb63958a789bbf2acab7d1796f86867ae7626bee72c18bedee38f82f931e4f03857d35771e172be31462fada9d383c9fdb6f4d6727f570e3093fd505433e367d35e4f17cc7d8db72529719972b6fb5bb9aa373dbd4ff0094c95e139afb6beade2eb29e37ee2dafd76aaff03a4f7cfcfc33e17f0f337637eccdc2f5b95a9aeb19a717f89da597e99b30aa6107780772283501691ebd1f8ad083761739cd60b4f0f3f22c53a28dc953e0d965b12c77b07ee8fac315afa9910cb8aed7a3afc51af3acf8c7a5c0fbe17a2e3fbde3dc29d678d37afba45f289797a7e33ef6f057a919e4cac49fe9c883a7fcc8b3aff94f07ace3bee1f119696cbb66f57ff6ae46bf06cd79566f2ed5af527133a294dda7fe25a7c479c3c6b759ccc2bfad9bf09fb248d4b19c58e09f628aae61d9b9a4a09fb51518ae7a7f8c9cd4e58f6dcbc76afe441cbf547dbde0fd43876f1b36dd2369eeb6e1f2b4e94ae82cdfb5973e9f3ee47ffb7cb10acf8ce42ed997e952755f818ff3fd56bceb8b77edc7dd1e21eee3f9295e8c7a47ea4bf8319d4fc9e5cdfc2bfde7dea5ff006df41b974fa9b17f12f9f5fa3397139ec4f5271b918f3f5a66e5fedb2abb6ce34dee74ebd289216dff00e57ffc133ff8c75f81cffb2d665194ec5f95fef3cc4e7afb892705f27d178bf527a2ef5b8c30f2f16314a9182db1697bce93fe18c759e471f76dfcaadcedb5abac5a7f02e5363cbf38bedbda8c9f2ab0a1e315b777c23a92f3fbc25bf87cf398e43ed94ae38f07899f7327f4cb177463531ff67fff001bff00b8389e33ee8ec8ddc095fb562e36edc3226eb18ff8b7165eff00097c5a791f4bfdd0ccd33735fd3a565b26e2bf02ff00df7f29bccfc39580b8ee2674e6fd3b9395762f5c8939493a77a781264fb957e6fd57afe2bee07a0edc365bc658535a6d95a4a9ef353ae7f6cde6872bf71fd271b6e3a64d7f45b87f79af3e67e4f0b7f0f0dcafa8b8ce4a4ede070b18ca5d2697cdf089cfaef9bf51b9cd9f97438ffb5beadcbc2b797625f415dd7e94a4e2d23338a79c76b8efb23c95e9297279ca2bba8b727f89aff3fdd67fd3f4b3d6de90f4efa3fd2d3bd8e9dde4f366b171ee4da6e29aadc9a5e515f896f32439b6df97ca99c1d90020402010080402010000402010080402010080402000220100004a8128d80541b02c8d964d5c591b04d5c3c6d2269875044d5c1da01da35476134c328a26ae3a153c8f7a540215763dd95b9ad74a9654aecc1c2ec6adaa23ac6545db506b4666c5959a5668cc635a576d930d4d8c98ba893069e230d3a8a630d476df6262e8fd39d3a114ae2d75400a812a301a802a304a8c01b003925d5d0b887b36ef5e96db36e775be9b22d92e2baf89e91f51e551c30e508bfd571a8fe067c9367edd9c5fb65c94e8f272a1697751557f897e7f4cdf672ece1fdb3e16da4f22e5cc892eb5745f80f1ebf6cffaff00c3bf85e96e0b129f471209ae8daab27f9466fb6bb5631ecc60a11b71515d124749c473bd2efdbd9a7e545f089a9f42cd3443c21e4cd91761664e10b52b924aad45694397564f891a935e27d5d9bea5e678fb9c5715c4ddfa794f65ec96d452b69aaad7c4bebbbf86b24fc9fd1fe8ae578c8e564e646dc32f264a2a31d765982a28d7ccd7b2693b8f27ea6ccb9ca72576e63db8ddb18d91fe9fc463c3a5fcb6ab72ec978411a9c78cff00fcaceb5dac6f48f15c57097a7c8453708bb99997717ea5ae9e0aba238debaeaba4b23c265634b2722d5cc7c595afde2dd81830d6ecedff00eecffa62cefcfc4f962fcb4f1be8de7b36f5c576cfed2c5a8ca572fdd69456d5e22fb27e131c4c8c6b56b22e4217a37edc1d237615db2f61d225176b331ecc6f384e362e3db09ca2d464e95a26c97292d8695ecab76adddb96a51b5775b571af9654fe9667c635e54eaf5f705356e4e0ff0052d57e03c62f907ef52ea9a1e0791e39f1f12781e6b239f1f1d09e0be63fbc8b1e2be40b2176e8fa8c4f25f8f94a325af425e5a9d3b9819d06a316fcbd871eb976e7a76637bfcb693afbcc34bb0f364aed2b5f3f3607a4b19aa76ed6e97cf183d3de769d7c3978fcbcf73f7feb55c153669e2bc3b9caf5f2efccc8f3772728e9da9d7b23512b3de83a69ad354fba3518a6b394da509ead74a92f2b2b4a7093d1a72a55aff6186d8f2f0edcd6915af4a791d39e9cfae5c7bfc64bb44ed3d8e1d7ad8278576dc95c856328eb19c5d1af634759d6b95e31d2c3f52f238d48e547f736ff00aba5c4bdbd19cbaf4737ebe1db9f7f53efe5e831791c3ceb7baccd3e955d1af6a3cdd7179fb7a39ee75f4d4ac5569ad4c6ba61f6b4b6d295a2927fc40595c94a4b4d7a7c0b8b155eb50badcd68dfcbee2ce92f24b162e41d5d6bdbfb8d5e99f17470a5294fe6d7fabdc62a5717d5bc44f2e12c8b31adfb3f32a75677f4f795e7f6f3b0be98e2f9de46108e2615fc96d691841b54f6ba235dcdbf071de4f9afa270bf6af9ac9b90973172381889d6e5a8b53c892fe954f961ed6c71fcfd5fbf863d9fd733e3e5f4fc7c4c5c3c4b387896d59c5c782b762d47a462bfb6acf6ce64991f3edb6ed72bd49e9de33d41c464713c9437e2e42d24bf35ab8bf25d8784a2c584afcadea6f4f67fa739ecbe1b3956f634be4bb4a46eda7ac2ec7ca48b2eb4e7d8c9c8c4cab3998d376b22c4e372cdc5d63383ac5fb9a2b2fd5be88f54e37aabd398bcc5aa46fcd7d2cfb2bff4f260bfcc8fb1fe65e4ccd83bcadd49823b2a9d098299e3c5f633795d66bb8954fc3c0c5e1a9d381cc7a2b83e562e39b876ee37fad2a48c7f9e7d35e6f17c9fd89e0af55e1645cc69f65f991a9df73f29f0f2d9df62bd4569b789956afaec9adacdcf75fcc4f18e067fdaef5ce1a6df1f2bd15ded34cd4f7f3f9f84f0af399b81c8e0cf666635dc792ed722d7e26f9ee5faa979b19d4ebd1d4db23b82a6e00ee08354c0114a2f743e5978c5d1fe011d1c4f51f3f8892c7e42f462bf4b96e5f0954bb47730bee77a8ac38bbf0b395b7f535f4e5f1884c7a7e37ef75cb4d2bd6f231d2fe892bb1f83d4bb7f678c7aee2bef5f177b6ab99766727fa2f276a5f1a50d4eeb3788f5983ebfe2b262a52b6f6f79da946e47f02ffa7ee2783ab63d4bc1dfa6dcb8424ff4dcac5fe26a77cdfcb379adf0b96eec775a946e47c62d3fe06d0b24bbaf88427d3b6df45503072be9fe2b94b7f4f3b1e17e2ba29c5303c6f29f653d1f97576f1be84dfeab4dc7f033e117cabc7f25ff00dbf2ab971f9f28d3a46e46bf8a337d4d7fa3893fb37eb7b5276ad662fa5d2aa738aa7b2a271d7ecff49fa63f507dafe4fd33c7dbe5afd391bcae253c68db94a293eb29bad682f19f3f64ef7e3e8783fba51e252b73e131edd3acac256e5ff9932cf6cfd17d7ff2f5b63ef6fa7a70adeb17ac4bbc76a9fe28d79f3fb66f15c8e67ef4635e8bb3c760ddb926a91b9764a2bfe55563fd399f5f2b38bf971ad729f7339e8ab58762eab2f44d41254f394c7fa777ebe0f1e67dbd3713f64ae65f1eaff357ddbe42e3dd2fa6eb45fe2ec4f0dfbfb4f3fd3b1c77d9af49e1cab92ee65497e993a2fc0b38897aaf5bc6fa73d3dc7457ecf0adda71e8d255f89a46d9dc6fa7445144ee4fa56a11f0ff00bc3ce3cff542e3e13dd638ab6ad35dbebdcf9aefbd691397b6fe1dbd71e14e4da004080402010080400010080402010080402010200102a040a81350195b9302c8d864d5c591c75dcceae2d569226ae194501281468c860a831ab86502698340a9402500da8f2bda203456a15746d3a1710eae5db6a8ba00bf5e7526ab7622579a45e7e4aeac787ac53da9f99d7fcd8f265c9c076bb1cfa8d4accad2aea72bd378b238b17d89e6b8b2389e467cd7c5743192ea66f6b395d1b5692a355337aad480f16c4bc89e54f124b8fb4fa345f33c55be2e3e28bfe89e245c5ee748fcde51d7f817fd0f16ac7f4a72b91ff4b16e35d9b5b57e23cd9b2474b1bedbf33768eecadd88f9babfc0dcf2fd317be5d6c5fb5f851a3cbca9cfc636f446a7158bedfd3b587e88f4de351c7115c92fd571eefe26bfcff6cdf65762ce163598edb36616d2fe98a459c462f56aedb235e29a656d8f135646da189ab630a762e1ab6314310db461a8931819465dc601721736d2144fcfa0b291c4e7b81e6b9183b38bca7ec6d4a3472846b3dcfab3178bfb6a753f4e4f0bf6dbd3bc23b1957f2af5fbf88e73b772ecd461195cd252515a54bd7fcd3ced79df5af35c2e7f2fc7fa76c5e9e460466f2b958daace525662e50b3a6bf335a8e731a9bf6dbe8ae1af5db1739cce4ed72bcb4b7cad4a0e2ec584f6dab314d7cba2d51cfd9cefe7e1a9de3cbfae398cce4f3a7c560cdddc2b37e38895ad259594fac153ac2df737ebf5f8cda796fd37617dafe39598ae4335dcbf6e35cbb56e4a16e3dda55fd297739ffb5b7e1abce395eb0f566072385fe9bc7e3d78eb728c7f7d76a939d9d12b3fc2bdcdfafd7977f2cdeb5cde13d2bcb735295a5bb1b16c25273bd19a8252ff00dbb7ddfc0df7dce52466c9e172389e4e1632b2e562ccb7b8e5594e7b545fcb29dbd1d1f7273df94f88b662ce3fd4966175dae5f1e1998daa5936e0a175784a9a2927e7a8bebfd7c13bfdbb7838de8be5e4e18f7e166fff00ecdfff00264fd95d1fc4c59dc6a595a323edddaafc8e517ed333db4f18e75ef4064c6bb2ebd0d4f727830def46f2f6ff002cd4be26bfd61e158eef07cd5aeb0dd4ee8d4ef94caa237394c59a6ed4953c99739ab3aea3d0713ea2b575ab77ab6af784ba3f633877eab1df8f6cbf6e9bca8c6ec6ec5d2bf833963aebbbc6f21196d8c9fcd474abf1f69158b918cfea4d758cbb74d4c4ae8e5cadbdd47aa46b4c532b30ded2f97c0d4e99c5128373db2d29d1a37ac58683947e49d274d6bdc9458a2fbebdd914b72da6dba513fe259462bb8f16deeebecd17b4dce9cef2cb7b060e9a57774a1b9db17863961dcb373ea599caddc5d1c5d19b9d6fdb9de33e9b31b9ee531e495d51bf05d5d36cbe2b431d7a79bf5f0e9cfbba9f7f2eee1f3d81989454d42eaeb097cb2d3da79faf55e5e8e3dbcf4dad271dd17ab4f55e7e2635d19e3724a7469ede85c35b632b74aaea4c4b4f6e71868bbf75d0d39d591b13c99fd0b71dd72efc905e32968bf89be26b977726bed5891862e1d8c4b6d2858b70b548e89ec8a55d3d87d4931f22ddbab7eaf99506371bf612ac0949115e0feee7a1a5ea8f4fabf83694f9ce36b3c3a514aeda6eb72c57bd7ac7cccdf8f958fce79bc7f21c7df78bc8e2ddc3c94949d8bf1709a52e8f6beccd4b2abee3f603d4d8391c1e4fa73e9c2c6771f37910dba3bf66ebd6727de70968fca82c4afadc4886a5428380c08ed93023b35ec30d23c75e04b0d24b193ec4f15d552c568cde0d61cee170b2e0e1958f6efc1e8d4e29ff001473beb6a74f13cefd99f48720a53b36a7817df49d9748d7fdd12f5cfd56be2fdbe6bea1fb35ea7e3775dc071e47196ab669712ff74e9cfbff00fb466f1fa787cac2cec3b8ede5e3ddc79aeaae4251fe28ed3a97eab1658a54abd1d4d20a9044dc50770137006a00747d7501ed5dbd65d6cdd9da6bbc24e3fc181d5c4f57fa97174b79d3b915fa6f25717e207738ff00ba7cce3b5f5b1e13a7eab3395a97e0e84c1eab8bfbdf18351bd919563caf415f87c56a6bcacfcb3e31ec38afbb3859544b230f2b4afcb3fa33ff0096659ecbf98cf847a0b1ebae2e714eed9bd653fd492b90f8c59aff00589fe75d2c6f50f0d954fa39b69b7fa66f64be12a1b9d4bf966f35b14e33558b525e3169ff0003484742e98aafe3d9bd070b91528bea9ea3531c5cef44fa73353faf856a75eee11aff0001f063837fecefa2a7737fecd47c949a467c795dbfb7538df41fa538e4bf6d816a125fab6a6fe2ea59913e6bb36ec59b4a96ada4974d285d306756b5f8019e56d77ea0234900926bb750399cc729678ae332f94beffcac2b52bd25e2e2be58fbe54451f996fe45ec9c8bb937dd6f5f9caedd7fe29c9c9ff13cd6edd7a24210400810080402010000402010080002010020002044a813560156e4c9ab8b638ed934c5b1c78aea4d5c591b6913570db49aa3400a8b0a656db2698656bc49ab83f4d0d5c15102510134000000d891e77b0ca24165b8fcc89aae959c7df1d0eb19557eca899b158a5a332ad383736cd083d5f1f7d4a0a2fa33d7c38f47ccc64e2f4aa63bf5a73d385916be9c99e3eb87a39e890bd4395e5b95a23793318d69d5d8d689d5f875262b66371dc9e4b5fb7c4bb72bdd45d3f1a124d4b6475b1bd19ea0bb4fa96e18ebfc724dfc11b9eaeafe18bede67e5d4c7f402d1e4e6b7e31b71a7e2cdcf4562ff0047fc3a98de8fe0ed51cacbbd2f19b6cdcfe79f962fbeba7638ec2b0a9671e16e9e1146e7a799f873becb7f2bd45f89b9cb3a2a1a970d150186995b7e030d346d8c4d32b65c34eadae831356282ec30328ea5c34e90c34db50c4d4a2262e88c44a798c054503555fc2c2c8b52b59166376dcff3425aa666f32aed538fc771b80f76160dab33968e76a11537ed9752649f50db7edc4f5273bea58d9c8c7e1f82bf9994d3842fd54611949514eae95a7533e56dfa6a733f6f37e88fb73cff001f978d9fcbdac76f171e76f1f1b7ef9abf7e7bef5e934b6ee7d0df5361e53f09ebb8c790e538ff0049dad9892c952cae572d3f9ace15a55924ff00c746627127ce7cb53abfbf873bd1fc25be5ef479fbb88a5c4e2b9637a738ebaa96e162dcbfebb97494e4fbb5d7531ecd9327feadcb2fdb57ac3d537b067630b8add6399bca73bb6efd3e9d8b115f35eb8de9b7bc5a27ab9b7e7f07593e1e4383f47f31ea394b92cac89dbc19c9d33efc5cae6451eaed41e8a3e0d9d7bf64e7e2466476bd5de8ff004c71de97bb771f663e75a71963e45db9baee44d3a4ad3abd772f05a1cbd7df77a6ba9247879e661ae1171b778fc7c8ca95cdf6792f995eb6a5ff00a514a8ae6bed3d1e3f3bac6fe1d2e23d5fea8e09c78e9dbfaf08b8ab7859919ab91dff0096306e938a95744ccf5c73d7caceac7bce13d63c2f217d607256ae70dcb396c589969c6337d2909b51d5f83385f57e67cc6e74f4977878afcc9af6aa1c9a67bbc1dba37b54bca817586ffa7f1a69d6daafb0d4a6b8bc87a3b1269ff9693f14b5353d96191c0cbe2391c26fe956ed9ef097f337f1496c64b3cc5cc69d2e29469d54b46897d6d4f6baf6b9ab19714bea2573a55feaf6f99c7af5d76e7d90976e4f7d294a76248df92add26ead970f23d135e6d90d24ed275a6942ca2add38ad7534c8fd4f95d16e7e7d460ae5294aaaad4bac5f81452f56ff44d76a6856543557ad34eb25e26995776ca92ad35eba1a959b186f62da9c75fccba48e93aac5e5a30794e43064949bbb6bfa24f55ec663bf5f3d35c7b3ae5e970f95c7cb8a76da735f9adbd24bdc797af5de5e9e7d93afa69fad6fb255efe065a5d0b90dbf33a77a159af59e94e1efcb221c85db6e36ed7cd61bd374daa27ec89eefe7f5fe6be7ff4fb77e23d8fd4c84b53d4f11965dd8ad53f6817dbe492a29a682c5cb32dcbb99d5c346f45f468ba3c5fdcff00b72bd678f897f16fdbc5e670e5b239375371b98f2eb6a6e3afcafe6893fe48e7fdb3f46617a379fccc1ce92c9e5f2eda8e3f2096d87d2fcdf4edc5f69f5abeea86277bd595ab3e363ea11aa36c19301809400ed006c402ec0a0e1e24c15cad2260a2e63a7d8979359ae6199bcaeb06670b8595170cac7b79117d55c8a97f1317d71a9dbcc727f6a3d139d573e363626ff5d86e0ff90cea7d53ca5fb78be6bec342b29f0dc8b87858c98d57fce8d4f6f53ee6979e6bc3f2bf6cfd6bc6d65738d9dfb4bff571dab8a9ec5a9d27bf9fcfc3378af337addcb171dbbf095ab8bac2e27197c19d6597e98b30b5289500ee026e00d409500d4057084bf345303562725c9614b761e65ec77ffd39b4be1d023b58bf70bd5365afad7ed674168e1936a326d7fbd1dac9928ef71df75ad5969dfe36f634fa4aee06438af6ec9ff32e67d0f59c77ddde2a7b7ffdfae63f8dbe4719c927e1bedd4d7975fb67c67e9eab03d776f312fda4b0792f3c4c9519bfff004eed19af3bfa67c63a3ffca71e11ae56365e22f19da728ff00cd1aa2cf644f1abac7a8786bff00f4b36d49bfd2e5b5fc1d0dcea54b2ba0ae4b6eedb58f692d57c4d320ef790092b91605536baf70299cb4033ce526d951f36fbd5ce4b1f88c3e1adca973909bbf9147ff00a365fca9ff00bd3fe063d9727fd5bf5cf97c78e0ec804008100804020000804000100804008134005409ab0868da9489ab8b638cfb935716c2c25d89ab8b55b467570ea089a60ed0b83b1830cacb64d5c32b34ea4d5c328c5054d008006000894280d002804a01b6279dec3a334347461a7431ae686f9acd4c8d516a39d756a65471e749a22bd1719931d1575f0ee7a3d75cfa7a2b38f95916b6dbb172e57a522cefe531c59ee7a2b9fcb758da8598bfd576697e0aacf37537e9d277234e27db1b8da799c82f38d887f7c8e7fe557fda3b787f6ffd3d61a772dddc86babbb374f82a0ff09f94befaee62f13c662aa63e259b7e6a09bf8b373d5ccfc317d96fe5af54b4e8bc34378ce85061a3b7c861a651630d1dbe2313536a18ba651430d32486268a55e8314c90c4328fc06078c7b0458a250694f302101025281451046fe004401abf00196eec4432571e95d3c0b83172385cae463ca189970c6bae4a9371724a3df454d4c75c5bf96a58f0f6fecf4b2792cdcfe679ebd7ef65c5dbae2c15aa5b92a38b95c72ede039e7248d5ede87221c0fa6788b5096746c61615a56ed42e524f6c1689516ad99b7e73526d7c8b8e76fd59ccdbb37af2791cf645ccce628b5b1838ae9671a2fb6fa55d0e962cf87d3f31d8f4ff000f7f3bf77b78bc2b7b9e35d6a4a308e91b769fe655e896a79bfcbafc574ff497ee3e511e2f97f55fa81476c2cf23951fdcde84935638fc592f9372ef766bb1da6713ff00efcb3f6fa3f15e9de03d2f892beaca5f4d6ebfc9dff9ee69d5eea7c91f289e7eef5d7db7cd9f87cd7d7bea2e0fd41cb5bcdc3b573e958b4ec5ccabd256febb4eb1978a50e8bb9e9f57afc631d75ab57a2fd6fea2b13e4f2dcee7d3b35b5773a728ddb90b71ac636a12acdaa2f95ba225f673cfd7ff00a32d27a127ea8cbb9977388e7a18791876e379e1f2371fd1bd6dba75b8dc151e942fb33f334e7feaf5de9bfbb5c7df9cf17d47086064c1b4b32d5658d3dba51a5ba517f1473ebd1fa6a77fb7b3c3cce2b97b5f578cccb39914ab27666a4d2f38f55ef472bc59f6be5fa1b98356eaa84f15f262bfc3c6e27a255121e4e1723e93b175353b69d7c8e9cf54d798e43d029372b17256df93d0e93b67c5ccff004ff50607caae2c9b31e91b95aaf64ba92f3cd6f9efa82b925ba976dcad5c5d9f4f8a39df558eb3db2b4d9e4719b4e52db2e95ec73bc5749dc592c9b49d54d38be8ff00993c6b5e50add75546aa02b6b5d3ae955d4a84a26b57f2d3af832a11c7e6d7aaeb24eba14095a526df4953e6d289a1a28b8a8b4f968bdc6e33544edc672497e65d59ad642edaed4f9bcb524a9629b53e1e390ec672b936a94b9666e12b72f6aebec3bf13e3e5e7eefcbbbc7d973a46ce7dbbd6ff004caea719d3fc49553672ebd1bf4ebcfbf27cbdff00a67d318a9c32b2e5f5e6a92841aa42be2d3d6474f5ff003c9f35cbdbfd36fc4f87bab77ad462b55a1e978cff00b9b6bad28107ebc5f48d57b06c5c4734ff00f4c6c3296969f5b6bdc4f28be351ab3d143de993ca1e2b6ca4bf2297b6a34c71fd4fe94e639c783730f95ff4ac8c1b9f523951b4aedc924ebb28da5b6a66f3b65fd2ceb1ea3121930b108655e5919097f997e3056d49f8a826d236cb4244c5324541a11468304da04da304d8302b82015db18692564982b9d85e030533c64fb13154cf0d3ec66f233cf03bad199bcaeb97c9fa678ae420e19f85672a2fff0072dc5bff009a95317d6d4ede3794fb2de8ecadeecd9bd83725d2562e3714ff00dd955165ee7e4f8bf8790e53ec47256d4a5c67276eff00f4dac883b6dffc51aa353dd67dc4f08f13cd7a27d55c349acee3aefd35ff00af653bb6dffc50a9d39f6f359bc570eb1ad3a3f07a3f833ab2804025403500d409502542254a176c2bba9492e925a3f8a03a9c77aa3d4bc6493c0e5b2f1e9d22aeca51ff00967b917531e9707eedf3f6e91e53070396b6bafd6b2ad5cff9edd35f713e0c7a1e37eea7a42aa5730f91e16f535961defaf66bff00f4e7ad0bff0044c77f1bee9e1c9258bca63e6c7fa32adfd0bbfdc3fd3a878475707ee0dbc9952580a7fe2b3757ff009aa59eff00f866faff00e5d687a8316eaabc4c8857fc2a5f8a66bfdf9fd5ff00f09fe77f7093e7b858c9abb92b1e5e17be4fe259efe2fe4beaebf4ae3cb70972694391c6757ffbd05fc59d6752fe58bcd7c0fee07371e67d5d9f956a7f5316d4963624974fa56be54d7fbd2ab38fb2edff00a3b71323cf339b48040081008040001000040081009a002a04a3603c6ccd934c5b0c5f12792e2e8e3a5d8cf92e2d5689ab8656d2ec4d5c32810c3280532b7526ae1d5a5dc9ab86db1435712a006aa00da1136b006d2e89440069000203280da00540db13cef59b725d5a5ed22acb309de952cc25765e16e2e5fc1332aef60fa67d4779276f8dbca2ff0054d282ff00ccd1ae6566f53f6eb5afb7dcedfd6f4ec632ff00149cdfc228e9e158bede5aacfdadb2da795c94e5e31b36d47f193659eaac5f73af83f6e3d3361a73c7b992fc6fdc6d7c234353d2cdf757a1c2e178cc58a8e3e259b4968b6c157e2ce93d72317bb5d051a68a942f8b3a9b50c3528bc098a3b409b7ff000203f2af6051aa5dbde411ce9d009b80950a65500ed7dc819451516254a50078c40651018095025409500d7b10325e5ec00a4bb0c05201944a1945041d1054ddaf5222550524e16e71719aac5f5552583959fe90f4bf21395ccfe36ce54a54afd5df25a74d3750cf848be556fedb81e2b1651b58762c58846ae162cc6348af16954cf5909af94faefd4d6b9ce4f0b85e278dbf7ec58bf1caca8c6139abaadeb086d8ad23bbc7a8f567db7663d1fa0b82ccc4e22fe572fc7e463f2dc8de9dfcf77e3b5b6dfc8924dfcb18f427b24bf64eb3e9c0f5ef27633b3eff0010ef4edfa7f85b71cae72516d3bb79ff00d1c44ffc4ffbdf62f1c78fccfbab7adfb6df437a3f167663cff318f0ff0051ca4a78787f4d7d0c4b3fa2308baaddb7c7f899ebafc45743d55eb5cce0b36c6162e1ae4b92cd4bf656f755ce4f4aca096ea2f69cf9e37fe8b6fc7fcbe53c4fa7795e6f95bd8b89830bd72ddc93cb8d546c5b736dbfa97754957a28d4f55ea48c49aedfac3edadcf4ff00a7a1ca2cbfdd5d85d8dbccb71b7b2dc237348ca0db7274968ea639f6edcc5b318f02c7a2a3e9487210ccc9e23d5d8f29422b1e5393bf28bac67b5536c64bcf465be5bf1ffb53663b1e9efbcdc9e0e27edf9cc4972b38bff2f2a338dabbb7c2755493f317d53f1f0793daf09f757d09caedb77b265c664cb45672d6d4dbfe9b8ab1666faaff00d4f27af7c7e35fb71b96a4a76e6ab1945d534fba68c62ed64c8f4edb9d478af9573327d1f19f46bc7543c57cdc6cafb7eae55fd38cbc0b957cde7f93fb599d766e78ee569f845d57e2596c3ca570b23ed9faa6cb6ed49c97b686bca7e93ff5530f4cfae3115163bbd15e2d57e35337c2b53bea7e55cf8cf592d65c64bce8d7f3278f1fb5ff004e95fedbd531d27c55d7eca0f0e7f6b3d9d7e83e9f3a9fcdc5e445ae8d453fef1e3cfed7fd2fe857fac77e3b27d9b09e33f67fa5fd04a1cc4935fe9b90dbff00016733f697bbfa2c38ef50c9d2d7197dbecda4bf8b2e4fda79dfd3659f4afab2fad6d4716bfaa524e5f8742e72cdeeb5627db0ca94b75fc95abd76c5b6dfb59d3c9cf23d6f07e85e3f0a519fd3776eae939ebaf921a96bd962e15d8a492692e85f38cf8ba16b11fea7a7917cd3c5aedd9b6968aafc58f24c58a3e5ef26a9b636541560b89ab238d1aeab52e234c2c24ba6a545c92ec8a865101926035006a3027b00201a6a151840d7c082050a042b8a003800aed2182b958262eab96357b130d56f077748d4789ac59b6b03163bb2efdac78f8dc9a8fe0ce7d75ccfbadf3cf57ea38195ea9f4ad8aab7952c997f463c253afbe891e7ebdfebff00abb73fcfdffd1e539acff4df26dab9e97b596df4bb95b2dbff00c9f37e270bfd327d7c3b4fe7fdd7c97d7987c4e2729661c7d8b38ae56f7646363b93845d74fccdbad0f77f27b3aeb9b6bcdfd1c4e6e479b3d4e01a01104402010020428804401015a4faaa80f6ee5db4eb6ae4adbf1849c7f801d7c1f5afabb069fb5e5f26dc63d22e4a4bff003265952f30792f5afa8f93828f23911caa7ea9c235f8aa13af924cfa721e4293d6d435f0467c5ad566910080102010000402010094026800dde0044a4fa202c8e3cd934c5d0c4f133e4b8be18a974467c9ac5b1b04d5c32b6913570ea2809a1044aac2e2c56bb9357c4cada44d5c1710a9b50136b081b409440028950856d142b600722a15b0036002a201f59c6fb6bc1428ef3c8beffc573627ee8a4667a5d2fb9dac2f497018ad3b3c759525d2738b9bff00cf5353d318bedb5d6b18b1b6a908c60bc2da505f8246e712337aab5416bd5f9b2e33ab15b4d6bdba170d3ab430d32b547fe102c8c74fe001db4209474d3a11535e9500332a8bcbf10a1ed209a11512a80c900f1403a8ebd00751603a878950ea34f6006a92ea00724c8a1b9f500fb402900c900ca203edf308648a0ada809b9100dc04ee4128c2a2884328e83036d8f80c1153b25f00226e35d8946bf9b6a51afb684c1c5f504fd57fb492e0ec63cefc93d8ef4f6a8becdd56a73eb5b98f9cf1ff00683d5f9309be6394c6b0b232d67e5d9829647d4b91758a74d917f137e46be8b9b72ef1b8577333256dd8c783b97a496d5b62aae89e8abd918ffd11f1c966727c8d791b5253f53faaeecac61a8d1bc4e3a2e8e9fd0e51ebe46ecf9ff88d4f87d2f85f4c4386e22d71dc7423695b5ff525f3ca537f9a734b6ee93f69e7ea757e5b9d4783f56727ea8cfcfcff004de3e75a9e158b6ee7279138a859b508ebb2e4a92f9abd12ee6fd7c78cdebeff00075d4bf11c7f43fa2b3f9adf937729e27112f92593b57d5bca2fff0045497c91ff0011d3d9de7fd599356fdd2f48f0fc1c78cc9e1a4a16aea766f45dcfab3fab0f9a371d75d575ec67d7ddb6ca5e71d2e63d69e95e6bd1963173b8a791cf3b3b6e4acdb85a566ead37ee4b58ca95a1aff2cbb3e22793ca7a5bd7fea4f4c5bb98f837217f126ebfb6c8ace107e30a3ac6be1d0ebd732fda4afa5f07f7992fa70f537157f8c8dca6dcd84272b1af796e5ba2bcce7e12fd55dbf97d170b378fe431a193857e19162e2ac2e5b6a49af6a31667daeae7622c82b963206ab962d48baaa58316f549b262ea89f1f17ab8af81317c954b8eb6ff0042f8130f256f89b547fe5af80f13c83fd1ed7fedaf70f13c93fd131e9adb2e1e468f0b8cbf417e53564788c65fa595356c78cb11fd15f697e51a218918e8a34f0a035746c32e26ac8d9f2f71a4b56c6d3f0351958ad48a878d96588b2364d445b1b650ea3408651287512034401da506801da10681528112804a012800a0028402e6cb71dd7651b71f19b515f88b64fb592dfa7332fd4fe9dc4afd5ceb7297f45aadd97fe4a9c3afeaf5f3f75d79fe7eefe1c9bdf7038ed56260e4df7d9dc51b517f16d9e7ebff00e4389f51da7f1f5f9ae5dff5bfa86ec9c6c58c5c55daaa5767f8b48f3f5fff0021ddfa8ebcff002713ef6b9399caf3f98dac9e4af6c7ff00a76a9661ff00968ce1d7f477d7dd76e7d5c73f51ce971f8fbab25f567d77cab71fc59c76ba16561fe58c68bc5e9fc068a9e2dc93a46357e517fde5d1f39fb89c4e64f91c79dab0dc236a92d904a8ebddad5b3eb7f17b678ddaf07f4faeefc3c65cc5c8b6939c2514fa392693f89ef9d4af25e6c56d49754540a844a806a04a812a040200575288040200000c0096a0100a02010020400010095400af8200a8ce5a24345d0c3b92eba19bd2e2fb780bb99bdace5a218b15d8cde9af158acc57626ae19462bc08255054557d1007e9cde84d30d1c76bf33f70f259cac56e0bb19d6b0ca1e0802e2fb9006978940a2ec809a940aaf1081b90c0ae45c34ae4cb8856c05ab2a26a00680004d4094600a151fa3a295151d4ece6b56f7d97baaca0ca2ea9f5f100b6ab449ba79105918b6e8a2fdbd00b7e9f77d1f6288adc57475201254ecd3f220572a7e9a79b64d68bf51fb7f1200ee74ec40371153736ff00b88a34f800d18d40b2301869b6ea058a2e9d0078c5f7650745ed203be9e400dcea04ab00a4032880ca030d3ec4ba834ca9400a6809bbe2113730a952034a805458c34ea2dfb0b89a296a0d1d000e488a1b8015209574a1044980ceddd927b689be8d8f1a6bc7fabfedef2dea67f46ff372c4c1fd566ddbdedaef5ab49fbccce2cbad797c2ce03ed5fa6384bf6b2ec4f22e6759b6ed47267729f2cbf37c915b753575349eb7f52f1be9ae1f26f5bccae7ab6d62d9ad64ee3d13f775312edc5c7caf8e960f258dc5fa62d646cff52b9fea1cfe6c9bdd7675aab5fdc8e967ceff00f83fe1f65b3c4622c38615b5178d08a842d3494525a2a25d0f3df56cf96a76f8afa8b8be0aff00359f7f16e5cb7c371d2db9b98e7bddcbddac58aaeafc7b1d78e6f333f356f5aebfa77d25853c5b7c87a893c0e21fcf8bc4c5b529c1febc89fe793663d9ee9cdc9f7fb5e78b5c4fb85c8fa3af72f8d1e0f192c68e1cec5fb76a3f4e2ae57fcb92aeae9dd9af54b654ebe1dd87dcfc9bfe89c6e26ef1ab90c98d8fa1959592ff00ca4e2b6a945f774a1aebd5cdbacf95787e1bd4bea3f4dcae3e2f2e58b6efbdd2b5452b527fd4a32d3de8eb66fdb2fa962fae7ee5711c75bcde73835998334a5fb8b12519a8bd6ae2b72397fd96e7d35f2f61e94f5ef01ea6b4de15edb9105fe6e2dcf96e43dabc3cd13ae2c257a5514ccae8fd354189a8eca18683b2861a1f412e830d2fd2186a7d01868fd05dd171345585e030d3ab25c34eacf90c4d3ab2bc0b869d5a45432b48a195a08756cd21940a1b684151603288052286a0128014809400d0094024928aacda8c7c5e8bf116c866b9d93ea0e0b1b4bd9d6935fa62f7bf846a71ebfa7d7cfdd75e7d1ddfc39b91eb8e2e3a6359bf932ecd47645fbe479fbfff0090e27d7cbaf3fc9d5fbf873b27d6fcb4a2ff006f8566c784af4e53a7b96d479fafff0091ebf11db9fe3e7f35cbbfcffa8721bdfc8ca117fa31e2a0be34fef3cfd7f57b3afcbaf3e8e27e1ceb98cafcdbbd29e44df7bd3737f0f98e36dbf75d67c7d1d62ed49422a1ec8a8ff1a930d5b0c4b926a34ad5f4d58912d5b2c09db8b77696a1de536ad457bf43739acdea314b3783b726bf776eecd7e9c784af4bff002a6bf135e1fb3cab0e4f3f614b66371d3bd3febc9b91b51ff921f5266a713f29b58f2f93e65c6bf52c60c1f6b5677b5ffea5e6bffc25939fd195c0c8e531afbb91bdcce4e5b5a4ad59bae95f05f4a318fe2769c753ff008c8cff00dbfb736d64625983fa76afb4ab273c89b93aff00c4d9bb2dfccffd127527e18323929f2f18e0ce305620b75d945a74976a3675e7d7fe7ff77e5cfaefcfe186f7a622d56ddc8bf27d4e93fa5ceff3fe9cbc9e0aeda6eb17ed477e7dd2b8f5e9b182e71f722fa3f7aa1d2771cef154cac5c8f637ace11a92ea8a815020134025408040254015020113550189042880400802a809b64fa226831b5725d10d17c3066fae866f4be2d36f02296aabed337b6a72d30c682f0466f4d78acdb05e6675707d9100524c03f4eaba8d3115aaba506ae2d8d87e14467c9af13ab34ed426ae0a82f102523e0153af6080df9842940602d74280e410add4a15a6540a012804a0028c2050a234c01b409a7b400fd800d40fd290849bd62f53d0e2b638f2a55468bc4b82d863bef55e5d060b236e315ac800ee5b8f402a9e57819d5c552c89be9a7b3426ae13ea4bbbf793446df6e8454f9bc403422994654fe60328130d3c6df9170d3ab6310ea2905368803b95082391143560328bea032880d18a2e21b4401dc90137101dc147700420a8b01d47e05c34ca03035124112a8a26e201b9100721ab8156c8a9ab206516303a81710ea29150cbc009401676edc9527aaf0259175c4cbf427a473721646671f1caba9ee5f59ca514ffddad0cce24fa5f2ae959e3788c3b74b18762cc22a8b65b82745e695459135e17ee47af38ce2385c8b18717fbfc88bb58f24a8937a397b919e7e6b4f0fe90e2ee7339dc57197b06ec386e3e0f27225b25b6f6549eeace74a3d4ebd7e6fe535f64961604ad38dd825692d772aa4978d4e17d71af2af8f7a86df0bcae5e67231c6b78de9ae32e3b7176a0a1732f213fcbb96bb7c4dce3c7e27dd3cb7e6fd3afe99f455fcd8d9e6398c6fabba8f0f88852166cc3f4fd45a2a98efbcf8e5ae66fdbcf7dd2bd99c97258d62c70772cc38fb72b572e5bb6ddb69bd358a4a889e9bf757b6bf4ffdd1e4707d236f879607ee722c41d879179d6db86b4af9c56876ebd73abf2e7b67d3c1c2d7316b918e561abb8f9375ca76ae5add0aaeb2dafba37b89f6fa17a36efddabf82b95c1c98e762a934ec64bdce5b5d1a4d6a8cf5df33e2c2737f0fa17a67ee26172398f8be46d4b8fe62daf9f16ee9ba9d5db97ea44bc7c6cf986fedec924d556a8ca8ec1889f4cb807d27e0301fa4c61a6568486995a2e0656c61a656c6268fd31869940b80ec2e268a876181944a192083400b88114406da04a01283467c8e478fc74ddfc9b76e9d5392afc0e7d7bb99f75be7d7d5fa8e65ff0058f1307b6cabb932ff00e9c1edf8ba1e7eff00bb89f5f2edcff2f57efe1cec8f5967cabfb6c4b76a3da77e75fc150f3f5fff00216fd476e7f8e7e6b9993ea5e6aeaa4b33e9a7db1e1b7ff36a79fafebf65fcbb73fcfc4fc39d7252bedbbaef5f9777726dbf8559c3aeadfbaeb249f436acc97fd3b5182ff0c557e2ccc869ff006d7654acfaf64dff00750b86acb7c6dda3928b50ef2a517c59a9cd67ca126f8db1ff005f32cc5aeca5f565ecdb0dccd7f9d4f2667ce714aaad5bc8bd4fd5b63663ff0035c69ffe52ce21b54cf98ceffd0c5b18f0feb9efbf2fff00b502e486564cae6e7450bdc9ca3b9d146cca1660fdd694a5ff0098d4dfd2647232793e323292859bb90d6bbda52dcfca775cd96717f6bb232dfe6aec2d7f9562169d2ae57a6e54f1f9748fe06a7134bd3939deaa8598b5779085b4e9fe5d9d96fdbf9753b71e8b7ea39f5ee93f2e0e47a8b13237471ac64665c7d24e326be2cefcfa2cfbb238df74bf52d1b7ff00c92fc5471b0a1896fa7f98e9f8217fce7ddd279dfa9877e9ae5b268b2f3289fe8b4a889ff91cf3f51aff000eafdd68b1e9ac5c64b629b9779569fccc75fd16b7cfa246d860b8ebd96946db395edd272758d6d7eaa57c1684f23155dc3c692a4ad2979b353bbfb4bc461bfc059b8bfcbb7b1fe075e7df63975e8958aefa4ef4bf2ca1e4ba33a4fea8e77f9ab9995e9cc8b3f9a0e9e2ba1db9fe895c7af458e7dce3a717d19da7b1caf159e58d38f635e4ce2b76e4bb175036b2814604a3006a04a01280327e201ac4095f000a84df6a7b49ab8b218b39744dff00025e8c68860b5d5a5ec337a6bc57c312d2ea9c999f25f15f1b0d748d119f26b1646d4ffb226ae195a4fab26ae0ab701a89b5765fec01a36ae3e8b426ae1e38cfacd93c97c5646cdb5e64d5c353c105049f7003a2ef500569d1150ae4fc900bb952bab08573f67f12e00db0036ffb6a540698029a940a04071600283b5f87c4189a78801d0015f7003a8400234501d177015c901fa72591082d3fda7a75c55bcba6a96a4d30b2cbb92ee34c24ef49f5912d52eeaf92fc49a036fc48a68ad48a64984328b01d4006d9e003a8f805328a401d3c0035006e6c819458076ea014bc029b400ee8a209bc689b88226c0655ec0328b2e06511869d4061a751410ca9ed289540472f0201b801520350000520ba7511886515e030328a2e06a200812b454441009400ed023b7092a49553ea98c186f7a73d3f7aec6edee3ec5db907584a71dd47e5533e3175bb7dab16a8928db8ad231545f045b907ccfee67aeb2a1c7dce2f89c5b9732b317d2576116f6a7d5aa231cfcd5fc389e9ef477aaf32ef0f673b01c785e3e2ae4ad3a252bbd549c7bd1f5373a9f7f9a57d6a369c6094ad5229743190daf977af39fb9cae55fe3b16ecec70b81fff00b0bf0935f52e2e9697f79a9cc9f3f9a4bbff00460f4d7a1b3393b10e4f231d2c58eb87c6bf963b57e572f1af81cbdbd753e39fb6f8cbf6e87a9fd2deb5e67338c5891b1c7d8c0956d5c51a6caad772fd5e1439faee5bb3edbeb33e1defb69e9ce6bd376f3f1b3f2637ac5ebdf531943ad5af9dbf0abec76bdec9f0e59f2e1fdede05fed71fd4584be965e2ce2dde86924d3aa63d773aff00a97e9ecbedbfaa7ff917a6f1f2e6d2c84b66447c2e47497c7a9d3a9951eba2443a894d15101944a82a2015100a880db4a0a8901da5054421944a0ed401a2003714aada489e5172b35fe538db1ff5722dc3c9c91cfaf7733eeb73d5d5fa8c17bd59c35baec9bbad76845b3875fdbc4749fcddd63bbeb26f4c7c394bc1ce4a2bf0a9c3afff0090fd475e7f8ff75cec9f5672d37453b58cbc96e7f89c3afedeefd3b73fcdc473b2392ccc84d5dcabd7937d13dabf0a1c3af6f77eebace399f514c2d4ab58d88c5ff549d59cf1bd58ed5eeb2bae9da3054fe0544860bb92f92dce6d7c0995352e59c6c77bb2722d584969194d57fe55a9af0a9e4aff00d438cb7adbb976fd75a59b744ffe29ed46a733f66d57feb37649bb1831496bbaf5c727ff002db54fc4b9132b1dee5f9572d732ce1c2bf96dc61097c5fd4917fe917c5c8cbe4316fcdac9cbbb974edf334bdf274ffca6f29f0c391ca58b7072b56365a8ad27726d3ff961b532ce0f272b37d4d916e0e4b2ece25a97495bd9074f7a6cebcfab7f1ae7d7b33f2e5def5c71df37fdc5cbf397e6dae53dddbaf43b4fe5ebfe8e5ff91cb04bd41cb64fcb81c5b50a7cb29e9af8e86ffc389ffbba67fd7abffb795eb8ff005967ed772eac385358db5b9bf7b33fe9e9e7fe57c3dbd7ddc69c7fb7976f3dd9b937efb7ab5293a54cdfedcffdb245ff00c59f9baece17a1787c6a4963dbdde325b9bf7b38f5fd5ddfcbaf3e9e27e1d7b5c2e3db4942148af0d0e37ab5d57c78f82fcb6dbfc48692e613a3f9526baa29acf3c28b546e9e21359e5856957e6ddecd3f8174552c4b6ba2a2f17fed1a2a71a6916b5d124aa5d15cb1af4b5d53eaeb445f2308ecce29ee7155f7b2ea62adb46fe67e4a2ba9466bf858f753ad8abf17a1be7bb3f2c5e25fc39f7fd3f07aa4a1e4b5fe476e7dee57d3182f7a7a5fa1a9f92ea759fd0e77d0e76470f7add775b6a9dfa1d79f6cae37d56324f0669d1275f03a4ed8bc2a9624d7635e4cf8aa761a2ea617e94bc0ba60c71eecba45b2791e34ff00b59afccd47cbb8f25f1590c2af48ca5edd112f4be2d16f064fb53c918bdaf8b4dbc06b5a2f274ab337b6bc574713fa9bf67fe067c97c562c7847b549ab878c17f4915364abe001d8e9ad4680acb968ba0d316471b4ab44f259cad56547a24675ac3512ee02b71ecbd802b978942efaf9fb0b88494a3fed602ee7fa6bee4542bdd4d57c5940a37d3f0089b5bed5fc400f47abf80134eda944fc0014abf1089b557a25ed0034bc7e002d3cbe2006f5ebee4511a6df4f8842d3c3f028947ff88034f1f8003747c2a10ae6df4281493ebf8801af1600d023f45efaebab3b6b99936fa248068c66f4ae9f00195b6303ab69790c0cad3af4a8c16c6d456ac607db1ecaa5c0524bc880d6204ad7a101a0506c80d1340355202292a684137bf00a35601ab60100a8c9914ca2134ca2015128b14680324bb006a8035025500370137104a8d12a4051414abd407a005201900c80608214420051a812a412a015501a801db1e8d5500bfb7c55253fa30deba4b6aa9320795c518b74ad3b0d1e03d7feb2e6b0b0aed9e370a772f5c4e10928b746fbe873976b79f0f9ef05e8cf59e63c58e463b586aefee722172ab7ce4ebf3789d6f5232fb6615bbb6f1e1095bd8e2a9b574462615a3e8427f9a34f612aea8c8c0bbf4e4ec35bff004d7a18ea2caf9e7adbd33f7039cc5971b66e5afd9ce4a524fe5e9e6678d976ba5b33e1d2fb65e84e57d296f21666646f4721a92b16d7cb192546eafc4ef7bd8e58fa1426df626a2d522874ca86450c900c80250480d5776361849dfb30559cd2f6b337d923538ac97b9de2ecfe6bf1af8275fe072ebfa789f96e7a3abf862bdeb0e3e1ff004a13b8fc9517e271ebfbf98eb3f93a60bdeb2cb95558b1182f19baff0003875fdf7f11d67f24fcd73f23d49cacd7cd931b69f6824bf89c3afebf6575e7d1c4fc39d7b9295c6fea5ebd79f855d0e37d9d5fbae93893ea2a8ddaeb0b1af8c999696a592d758c13f05a903431673fcf39cfdf42a6ae78962cd1cb6c7ce6d57f12f8a6abbbc871b6b4faee6ffa6d45bfc7a1af14d24b96b14ff271a7725d2b724a2be0aac4917e59ef7339918b52b98f8abb4524e5f1937fc0d7fd13c5cacbe5e1afee73aede5554a3938bf24a3b5166d5c918df2d676d6ce13dd5fcd72497ff0084be10d5393cf644776b6ac41e89b49c978fcccd4e12f4e267facf06d41c6ff22e4dafc9075f2e88efcff3757ea39f5efe67dd71aefadb1675587897f2674a6e71dbaf8d4ed3f92fe6c8e37fa27e25aaff00d47d679da62e1c3163e2d394a9efd0be1e9e7eee9e5edebea62c87a2fd49c84b7e7e749575d917b57b913ff2bd7cff00ed87fe3f57ff007574f0feda71b175bf295e92fea6e5f03975fdbddfaf8749fcbc4fb77f13d21c463a4ad63a6d792479faf7f77eebace399f51d5b5c4da8690b11f7a31f2d6b5c38fb9e4bf0fe0244d5b0e3e3d66faf7ffc4d78b3e4b23856d6a957dba97c0f23ab0a3a2824fe08d78a6925193545d7c7fb5061acb7ecc9e8975fedd898bac977152d1d2aff00b77186b2ddc7a7f53f249ffb062ea99624daaa82a2e95a7fb40a258d91e292f25ad07c2aa9635c7569c9af2fec80478d2db55049f8ca9fed63555fedafbd7afb174f6546c13f6b7527a7cbe7a21e48ade347f5b4fd8aa3c815876b56a12f6bd17c07918578717d2115e0dea5f23145dc0c7969394578a492353bacde6334f88c1974b7bfc28aa6e7b7a67fce2a97a7ed4969652ff7925fc0bfef7f69fe319ae704a355b52a792a1d27b9cefad9a5c25b6fe6936bdb45f046e7b98beb2be1addb7f2c13fede65ff005d67fcd3f64a2f48d5f4f12f9a78a7ed5aa251a0f2313f6f21e4607d28af77bff80d4c0697e98b6fa7814156a72e892fc469868e2cbf536bc7b13c97c4f1b16a2fc5fc49e55a9c9da54d22d1148f45ac926545726bb372f37d0a94ae69787f11815bb8fa27e4fa2285d8fab697e25d4070f6bf6e804d92a7448680fbd5d7c8a051f64101d7bb5fc42052bd9bfc100541aeb4885c06974d5840f6452f69406df67f0400dabad3e2c681eff8040a7f66ca15ba77f8150ae4bc2bed0039c9f4285f9bb801d175fc02036bb2a94072ff00c1002aff00f1015ff6a1501b407e948d9553b6391e36927a2f79705b1b5e493f100ab717d58c0ca1088014a0bcc80a92ad428bb9e08226f22839c7de413ea3ec141c9bea413779807749f40a651640ca0c065101d4420a800ea20352a01a200a6504035209b920a1bc09b809b80240500c9300a880c9043245051037400d402900c9004a2364000950a8806d020a6828d4024040290c11d9b327595b8b7e2d0c86ac5149512a2f01826c4c609f4623c437d144f1341d9877338bacf723661ad519bd6352696d5cb72fcaea274962e4d1ad43a922f94307ea5b5d5a27945f1a4b99d8b69567712f6b317dbcc6a7aed62bdea6e2ed69f5549f847538f5fd7ccfcbacfe6eab0dff0059d95ff4ad4a5e6f438f5fdd3f0e93f93f6c577d5d9f35fe5c230f36ea71ebfb7abf4eb3f9798e66473fcadd93ae4ec8f7a511c6fbfbbf9749eae67e192e676fd6e5d9dd7e156ce77ab7edd242fd5b8f58597ed7a1953c565cfba8fb350878e15d6ab39c9aefd9150ffb6c6b7acdc579bd465348f2f8e868ae26fc22abfc0be26ab9f236534ad58949f6dce85c0b7393ca8ad3e9daf6eb4f8d0b86315fe65c5353cb94fc5434fc228d78d4f8647cb6245d636a52952bba7e3efa97c0d67bfcddfa376e30b54d77bf99fe259cc4d73337d558b65eec8e46316bf46e54aaf2475e7d1d5fa8cdf6733eeb8397ebbe1a337f4b7e4cbb6d8d7f1677e7f8fbfcfc38dfe9e67fcb0bf5573994ff00ec38d6957e594f53a7fe371cff00eee98ff7eafd43fedbd759e96fbf1c58bed6e8993cbd3cfe357c7dbd7e71a2dfdbec9ca7f5390cdbb7e7dd745fc4cdfedcff00db317ff177ff007576b03edef0f668ff006dbdf8cb53877fd7ddfcbaf3fcfc4fc3d0e27a7716c4690b11847b688e17beafdbac923a16f8bb71a47454f7930f268b7836975d7ccbe29e4be1896ba28d4d78a792c56525a452f2d3fb8be29ab638f26bfd86a44d3ab157492a79b7fdc8b2268ac78a74745fdbccd78b3e46fa317a6ad799a9ca691c68e8a293631554ed49d5b69782261acf3c7dd5d1bf6ff64243554b152fcb049b258d4a496236b5f9bd8a88ce1aae5809fe6545deadd3e0898baa678b69689ad34f9512c5d24f16d269fd394a9e3a2261a478ed748463dfc4cd8baaa7662aae6debe344bf0186b3cad63bad23bdf5dd46d7e23155cad37a4214fede402fedaf35a34bb3a2fe6342cb093aa9cdc92ed5d079297f69660aaa3a777fed2ed42ec8ae8926fb750695c26df7a7b90355cacd6b5a7b3a9ad4553c2b2d6ba7e1fc0b3aacde544f0629bd8b77b17f7b37e4cde59ee624a9f936fbff0091b9d317952f0af4bf2a74f22cea33e34b2c093fcf48fb75d0d4ecf027ec2297793f088f33c13f6892fcba78b1e4be0495b51efec49174c57249758d7c5b2a2bebf97ff2ebfc4a84fa7729ae9e727fc8ba98576d569ba9e3b5174c0766bfa5bf36ff00b8ba988edc96b5dbec541a615a4f57f33efdca81b5d3f2d3dba0028dfead7c12023b727fa6bed634c4dabbb4a9d90d0ae2baa4e4ff0001a981492f08ff0010038b92ab6daf81740fa745d14578b751a8145e2dfb34404dbfe14bcdba942b924a8e55f668056e71eb15fde5c426f932e203527d55000e3e2e85d0291f68406d2015d3c1bf3281bbc1e9e410926bbfe2501b7fdb4280ebec080e9ed02525e1403f4def850f43887d4f3488a9f57cfda005708239788054df6203ef0a200a32034900541b0195b262e99417b461a6516543a8b1869924434d4404d028a601ee032600a904dc809bc2a6e604dc0140324c8192282910324543a02006a412a50caa01480648819141a802a4137002a15002821aa014032008052019201d1414411ca2baba135719eff29876156534a9e673ebdb2353d76b9793eacc78b6aca737e48f377fd93f0efcff0035732ffa8f3eed762504797afebeafd3bf3fcf23939dc865dc8353c869bf074385f6f57f2ed3d723c4e47dcbe7389ce962a846eda8b6b76b5ea7bfd52de775c3be66bd5f15ebde533b1a37546314d1c3d9eeef9b8df1e9e6b63f52f293eb7547d88e17fa3b759e9e545ce632e7ff0053265ee7439df6757f2d78733f0cef908c9bdd394dfb5b33f3f952c726e4bfe9da6fcde8305918e64d768af880f1c1bd27f3dc7e7d81ab56163c359b5ef63134fbf0ad2a6e5ec5aff02e1a49721652f920df9bd0788ae5c95efd2a305e3d4b86335de4252aa9e45178274fe06a4a6325ccec749af9ae3f1ebfc4be26a9972b38a7b2dc6097ea65f1358b339f508b95dc9859a6af548df3ebb7ea337b93eeb8595eb7e1adb75c877a4faed4e47a39fe5eefe1c7afe8e27e5c9c8f5eca7f2e0e1dc9bed2969fc0ed3f8fff00b573bfd3fa8a572deb3ce54b36a3653e8f6eabe25ff3f4f3f7f2cf9fb7afa831f49fa8339a79b9971d7f4a6d217fa78e7ea2ff00877d7dd74f0fedc61c5a7754ae4bbd5b3975fddd7e1be7f9799f6f4183e8cc1b2952cc634e9a23cdd7f4757f2ef3d7cc75ec7078f6d74492ec91cef56b6db0c1b10a52265357c6c415690e9e5fccb86ae8429a694a7f6e85910f0836e91afc34fc4d488ba3624d56897b5ff235e29a75676f5924fb50b394d58acc1f44db5e3535e29a78da95152297f22f8b3ab21193eb25ae8d1a9ca5a8adbed57445c0ff0049b5aa4bcd9710df4ab1a2d7c74011e3cabaf57de4c09f420b6a724a9d68861a578f0dd4a374eede81092b15aa4a3122aa95882d5bd579d11317544addaf6becf56cce2aa95b5d230d7c7a131554ac5d7da8bc295fe24c5d532c3937494bdd5262e93f6715aa4be15fe24c3493b297449fe24c5d513b5e0bfb8986925627d29a0c355cf1e54d5ff70c3544ad2efaaf8970d2cad6de8b4efda8056edc9baff05fcc0aee5aaf5f854a2bf95689fb92085dcfa28b740aaae37dda4cd4424b6b69b6e4bcb4453154e708fe54abdebabfc0b108d4a5d13a795228a2a9d99f594a31fc5fe25959c56ecc2bab6fc9688d6a62b95b5aed825e6f565d4572b4ff0053a7b342ca98abe945eb46ebe3fed35a988ecc976497c4698476db7d5fbb42ea604acbed14bdbd469859462babf6a88d0bb22d69174f193d0a88e1d2b249782d46984fa756ff0033edae88ba606cdbd76c7d9d46a268d77f6f4026d75d128af3ea02bdaa556ebec2a2b9349e8953cf52a12526515ed9bf1feded2a27d37ddff6f78301c60bcfc4215ba2f0285afb5fb344542c97b17e25092f17f8e8542f5e9d3c80569f6fe6540697797bbff0023527d234f37a00bb5f774f60136af0a80750034bbb28fd1dbdbf23b38a26c078b01924032403a4e840628065148a1922062864950603444c12b4e80356a032dabb850dc880d4826ea05c1dc04de4137854ad409a806840ea250ca203288414806a005006a01dc04a810064806450c821aa14371344a802a4100950180803201900c9005201900257ad417cd244bd45c62c9e7306c7e69aaf81cbaf748e9cfaad72f27d5d1d55883979f44797bfec9f876e7f9afe5c9c9e7790bcdeeb9f4e3e08f2f5fd3d57a39f4731ccbdc8588d6572e394bcf538ddaeb248c37fd4166daf929d688b38a6b9199ea9cddd4b76dd3c5e875e7d312f6e1f2799ea4c85f531ee2a75a2d59db8e7d73edcfaf2bf4e3f1f6736ef22967c1ca52fd5e7e676eef339ff00b58e777e5f42e3ec4ece346d5a8a8469e07ceefad7a39e5aa381724eb3b8fd9d0e7e4dad8f1f8d1d66f5f16c9b458aee05ad14969d5219447c9d88ff00d3b6df81af0407c9653fc90515e25f114dcccbedd6e5eda97645c3144f3b117cd39bb8fc3a97c68aa7cb42bfe5dba69a54d4e0d63c8e5e4956e5e8da5df535384bd38f97eaee2acee5732f7b5d52753b73fcdd5fc3975eee67e5c6c9f5fe2c5b58f66575f67d11df9fe3bf9ae37faa7e2314fd5bea0ca74c5c6d8bb756749fcdc4fbacff00bf77ea04707d63c86972f4edc25fa569fc079fab9fc1e1ece9b31fedde5de7bb2ef4a6fc3a98ebfb64fa8d4fe5dfbaee60fdbce3eda4e505292f13cfd7f6755d79fe7e63b98be96c0b1450b6953b2470ebdbd5759cc8e8dae3316de8a28e7ad34dbc7b71e91f60172b6bae95180a856893742e21e169e954a9e6590d590b694aadf5ec8d4896ac8c20df4ab2e33ab230a6a924fb1a9ca69d26eb2dd4af63589a78c754a8dd4b225ab2369ee6a89695d7b1ac45d1b4e4b4756fad11a657471de95f6eaffb8a878d982d6a93ea0156e2daf96ae801fa7e11515d7cc056b4aeee9e0415c9daaaafbd7502393e8a1d552be0027cedea947f128476e4e9f33d56bd8815e342b57d50c5d2fd2b7d5930d56ed55563d575d0789aae56e6df9130d572b3218baae565528fa93c4d572b69748d7f0262eab959aae8bf893c4d512b0d692a8f13c94cac416b455262eab9c7afcad930d512b735d92431554a2daaeeabee90c14dc8a5ac96be7a0567b946be57aad2895460a24ae374a34bc5ba2fc0a2a74ef349f7a2fe6023fa7e0e5ed2a06e97e98a8fb0a2b936ebba5af8142ed5da2fda1136c95758c7f165d30bb53f197f01a03b7e0a31f3eacba98addb8cbf5397921a613e9aed04a9e2cba98ae76eaf597ba28b2a615e3575db5f06dff0022f92617e9d34aa4fc1752ea615daeca2e4bcf41a603b52f288d4c2ed82efbabd8a2b6e2b48c52fe3f81515cdcdbd3e1d0a8addb94bb7f6f6b35a623b32eee83530ae166946ebe290f908da4be5544508ee79d3d88b88493aebf8b2a1373d5bab5e5a22a1772ed4afc5942d64fb5576aff00241028d6add3f0281a3d631abf1a7f300ec93ee97e2342b8417e67565d407e0a345f0015c6afafb9044f913ed5015cbc17bca07ccd782013e44fad5f822a3f48a8f823bb91e315401d4500c92a80d4403a8e801a10351500801aa026e40452203b800e44d54dc341dc4054828d5901401a0c07680ca2303a8a1819240128201a904dc04dc01ab00d4028819141450c10403502054a9112a152a412a044c064032450c90077457564d3155ccec7b6ab292337b91a9cd73f27d4b856ab4926fc16a70eff00a398ebcfa6d72727d597a755661ec6cf377fd9fa77e7f9bf6e564f2b9d7abf52eed5e0b43cdd7bfaaedcfa798c12c9827593ab5e2ce576ba6633dfe66cdb5452d7c16a59ebb4d72b279cbd72aa0abf8bfc0eb3d519d6193cfbeeb474ff0013a2f81bf8865158b28b5f5af28afe988f2fd2e1e595c5d88ee97cf25d2ba89cf54bd48e7e5fa96d416db71515d8e9cfa1cfaf76178fe7f1f739fd2772e57b22f7e8a9cfb75dcb1cf66dd8d6361c1766d50f35fe793f2eb3d8b7fd472e7f9ee28af68ff28be4785fb2e35bb7b779264bc55d81fea18b6ff2c5cdaf12ff009d3ca05ce5a495611484f5af939599ea18da956f5ed8976a9d79f4dbf51cfaf649f6e3647ae78f837b54eeb5d3cced3f93a71bfd3cb9b7fd6dc85e74c6c6a2ed5a9da7f2733eeb9dfe9b7ea33bc8f56674be5dd6d3f04d1acf572cefb3a5d63d1bce65bae45e951f66d99bfd5c4fa8b3f9fabf75d5c4fb756534eeb72671ebfb6fe1d79fe59f977b0bd13c6d949fd24df9a3cfd7f4f55d67a798ebd8e130eca4a36e3ee471bddae9398df6f12dc63f2c52f719d55d1b318eba540750f2603ab6e9d90448c127abf8170d3c6106eb4ad0b869fa3a249789710179bf816434e935d22e46b135742ddda7645c66d591c79c951b747e054688e278f6e8cd44b57471e115aa5ec2e269d5b8555136ca8b236d275492f69621a31a51c9fc0a82e514eafdc145dcec957d85406ee3d5aa5480524fabee143e9c5aeedf995136d12a75430d04df4a56831346b2d7e5ebe25408a4d75a57b0025622d57afb4b884fa6abd355e030d24a2d3afc462eaa945a5ae9ec261a59422b597bc61aa64a34d3a931755ca3e44c154a3e3ee18aa2715e2db22a99c68fa2a1305538cdf44daef418baadda96b55ef7a930d532b4bbbd5780c5d5372d416bb6afc59317596ea9d3b25ec262b1dc845d7736df90153b5dd47fb80ae516975497875017626dfe66fcf445d01c29e11f60d0b44df572604a493d22979b016927d5bf62288adb6ff2af6b63511c546a9cbdc056adc55691f7bff697511af1692f00125b3bd5fb7a15154ae452f9524fbf8fe05c45529c9ae944bc74fc0d04db26f45efa7f32a615d89c9eba793751a607d18435949bf1fec8ba985ac12f960ebe7a045539d13e8bd86a445526dd7ac9af12a523724b47f0348ae4f5abf848a84726fc57853428471935d97e3f8b0856957ad5fc7f815028fa28e9e2ca0ecf1953d9a13404a09e9ab280eb5a25edeec00d3ef5f7e88215b4b44be050af73a842b8d756e9ed2812daba565ec017fcc7a24922a06cd756e5ed1a604a6a1a535f045c4d7e944d52891e87115175206a0052401e80327a051dc444dc1537104dc809bd011c991514c82564ca19459032880c9201920699201944065100d520257500ee0a9b8826e6341a904403228280600a4012a19006a01a812a00dc412a152a4055402900ca80477611ead1362e33dfe571ad2aca68c75ed91ae78b5c8cbf565885636fe67e479bbfeb91df9fe7b5cac8f5266dd6f67c8bc4f375fd56fd3b73fcf239d7f3af5c6feadd6fcaa79faf6755da71231cf3ac5b6ead54925ad6b35de6ada548b353d753592e72b9173fe9c5fb4d4f5c86d679cb22e7fd4b8a2bdb566fe226296f0e1f9e6e6fcfa17e57e154f97c7b5a422917fced4bdc8c197ea16a2ffcc515e474e7d2e7d7b5c5bfea58d5fcce4fc4f473e871bee72b2b9cc8b8fe4d0edcfaa471beca6e3b132f3ef295c9edb7faa4fa17bea72732d7b0c37c5604142dcd39fea91e6eb6bd3ce46a7c9dbb9a46e248e7e2dcb1237612fd69fb4b8ba6df154d569e65c40790ba2f98be29a2a5727a35a3f88f186d537381e3721eebd6dca4fab6d9a9d59f4cf8ca36fd2bc2c68d5955f3d45ebafd938e7f4dd6389e3ecfe4b3154f23975cdbf96e591becac7853e5a1cafa6b7fe8d76ef59af6473be8abfe91a15fb5b6a67fc6affa4590bd6dbd29e7a99bebad7945b195aef2f713c29e50ea56fb6a4f15d58a4a9a52a3106ba56bf018056bd11703c6326f4454d58adcdaeba7915356c71dbd29f135135742c4234e8588ba16e3af72c45b0874f94a8b127d1ba2f200a4bab75a150eae69a2fef2e82a5265d4c1d5bea541d1f5282979529d46269baaa200a4dbd0b868ecd3a17135250a0c34b45ef0894d1d3a0035ae8f4285a6bfde3101d157f89426ea57be802b949fb7c40adc53fccfa3e8024a896dec28a9c92752291c64eaa8fc4986ab95997924c98baae56eda5ad5f88c35538a5d23ef63155ce2eba69e24c354cad2d2bad40addb75a52898a28b965f46d19ad325fb2f5aaad3c4cd564b90a757b57919699a4b5ef20aaf6cbc144685db5fd4dbf2017e9bdd571f654ba23ea96ef72205692ad2357e65407b97751f600b2947a37b8a2a77e29d12f717115ceecebd74f816408dce4ba375f05fcca81f467df4f16f51a624acc13aca55a7b86a616b6a3f9557cd142caeedeca2be2591154ae57bb7f817115d68f4492348ae6db5ab6d7c0b115575d17b92a950ae126fa5179baff0002ea61656d25f34f4f822e98adeca7cb1afe0541db2f24fe23457b2d2746dc9b2ed4c4a7f4c4046ae37aba7b0a81f4a9d695f3d46981449d16bf822a6038cdf4745e402cd453ac9ebe7ab2c08e5fd316df8b015ab9ddedf24540da9bfcb57e2c6a037dabf02a87cde1ef610928c9f56fd854228a8ff328fd24a48eee0653740194809b809bf4202a41477002a407560149903289414b42606510a6482192143240351101540a29a283b8806e026e228d402980402880a28640100805143200a6105300d401502548a840401ba2bab1a62b9e65887592337b8d4e58b239fc4b5fad54e5d7be4749eab5cac9f562d55a4d9e7ebfa9db9fe7732ff3d9d76bf36c479bafe9eabb73e891cfbd97296b72e397bce37ab5d673232dce4acc3a34d89c5abac57b9893d2daa9b9eb67592e64e5dcd776d46e7321f2c776e4232addbadfb0dc8cd45c8e3c13db1af9b1e157ca335ee75c74aa8a353d4cdf639993ea2b51eb36df91db9f4573ebdd1ccc8f5249d55b476e7d0e57dce6dee5b2eef59511d67ae473becb596576f4fab6cde4634f6f1eec9f4d097a31a365ab51d75919f9ad12597769b6326a3e08d78a6abfad76b5deebed2e269a39f910e9718f187953c79acf8fe5993c22ff00a5590e73393f9a4e43c21fe95b6c7a9ef429b919beb6e7b5d1b1eb182a6f54317d2dcf73a363d6186d7cce862faab73db1b61ea9c09afce89fe757ce35dae6f027d26be22f34f28d1fbec59fe5b8862acb37a0ff005a7e0ea129b22fb5b2dc5afea96bdbb15908dd9af6f62e417d9c8936ba99bc42755b55d9a8a5b9e867fca2f9535bbd72535ae83fc617baaa5c8dc85d9452544e866ff343fdab559e4ebf993317f95aff0076b872d6d457cbaf9a33ff008d57fd9a2d727092eb433fe157fd6345bcbb2e9ad599ff002abe71a2376d3692557f12ff009d3ce34477b49a8b1e14f282b7f47d49e35761d2af50864976287a32e268ed6cb89a6d9a7822c34fb421a91e869129e04c11c5f6d1b2e207cdddfc0a88e517ee0029b48029a2809aad4059a45128a9ed1894928f7430238d56bdbc40594553afc086ab6eda756aa82974f0a22e2124aaa95186aa71a375d6be245234c812504bd8bb055324faedf899556e2977a7905533494ab46e9a905334deabe5335a8c97155b4eadf8ae866ab2dcb5af45ef335a679417f57b88aa249768d7cd8c0aebe49790457376ebab6dfe05153be97e5a22e0a9dd9b7e5f02e04db36f41a22b336fafc4ba0fd08c756f4f81350b5b6bf2aab5e050b2b93ec925e65c4573badaa36fdc590239aecb5f32e22b9b6d51bf81515bdabdbf134859293a53f900ad35aba25e08a84ff27ce4fe25f944f9ff004c76f9b01656db5f34b4f2d06984ac22e8955fc4a85ace5a528bb944fa4bb8d4c2b8c174fc0ba8145ff880ae127dff00b8ba11ec8f57f0d4a846dfe98fbd942b84dbd6545e0b42ea611db845787b469812e9a26ff0410aa32eed22846977d7da542ca49742a11ca4ca84a49f5745e402e89d295f22a3f476e3bb89a321a0d5901ab00a0ab17408340a2a210ea280649051a1014806a2401aa00a601aa209544137054dc014c28a60100a20628240530200c505041a806a032615020d40350039457564d5573c9b30eb2466f4b8c97f9ac5b4b59239f5ed91b9ebb5ccc9f55d98e90757e470ebfa63af3e8ae5647a9f26755054f3670ebfa6dfa76e7f9e39f7b93c9b8eb3bae9e08e17d9d5769eb919279705d5d5f998cb5af8517393847a16706b1dde5ae3e9d0dcf5a6b3cf3673fcd3a1a9c8cb7332cc5d5bdded3739a96c67bbcc422baa46a7a99bdb064f3f6e29d67f03a73e9ac5f6c72b239e84ab4557d99db9f4b8df6b0dce6f29e91744759ea8c5f6563b9939171fcd26ea6e732316d22b5725d9b2ea2fb5c75f9f48b337b8be35b6cf0926ab374462fb5b9eb5d2c5c1c68fcdf348ccb6992315fcc4eaa0b6af04759cb37a6494dc9ea69923742a11c9be8044820d00340a20402044d7c4068ddbd1fcb36bde1756c790cd87e5bb22645f2ad5639ee4adf4b95f692f3167756af54f22ee39b96bdbd887845ff4ad96fd699497cc993fce2ffaba389ebb5b93bb1a53aaf164ff00359ec74ad7aeb165f99eaccff9d6bfd237daf596042c4aeb92af482f16cb3d752f714d9f5260cf572557e65f1a9e51d1c6e630a7a29ad4654d74ed6662ca949a2e23446ed8a69255605b6ee5b6d2afc18c476705465389a9cc66daeec3e8c2dd5bd69d4d78467caab84ac38ca55d3c598be9e6b53d9593f7965dd7052e9e0787dbebcaf57afbd6a496872c743c1ff6403d4d20fb7a0444d0137245444fb144f9ab50236fb8407b7b01174f3288eb4d0014954095a7565137413e8542cee26b4084ad5540aeb16452497bfc88124c6ae15ee02b9a7dd815ba27e3522e11b92ec4d30ae3bbabf322ab76b5f1f691741c63fa9d10144e3149b8aa93062bfe2b4466b718af38f8d4cab2ce715d92262b35c9ca5d3bf72e0cf2539052fd09bebf88d05588a556f41a815b4b4a540595ca2f957c460ae571d35953d86b052ee27d15597134aee3efa7b0b88ae525d75f797108e6daa2fc0a0462de8d52be3a840928c57cceaca1772ed1f78407b9f7a142cadc3f56afcc6d42b9517ca8a07ced008e2fab7f12a2522b5a5400d49aa2d3c68542494575d7da02fd482f17ec2e2695ef6fe54a3f8b28ae506ff336fda5d4c0f912eb40055f65ef650b34fc7e0109f22d69af89424ae2af5f71719d552726e91d3ccd21651a2d584c2d152ab5281472540627d28a5d751a606d8fb40fd1118b3d2f3ac50630328807680e900d4009015400d4029854dc407700770077104dc412ac28a6c02803401920192008050040950a3500a6014c0350835d00600d69dc8a595eb71eac97a2467bdca63db5ac918bec91b9c573727d4d8d6eb4955f8238f5fd123a73e9ae4e4faaee4abf4d7bcf3f5fd5fa76e7f9dccbfcce5ddad6745e471ebddd5769ea918aee537ace4dbf3673b6d6f24532cbb6bb93c57596f7249568cdce13596e724ffa8dce1359a7c8c1f596a6bc13ca335de56dc7ba353d697b61c8e6a0abf31d67a98bec73af7a812d23a9d27a5cefb982ff00379172a96875e7d5239df6dac53c9bf3757266fc6473b6976dc978b2a2cb7857a7d897a8b396bb3c45c975462fb1b9ebadf8fc1569f2d4e7d7b9b9ea74ac70492d63438df73acf52dbb671716159b554496f4b648e26772f16dc6d74f167a78f57ede7ebd9fa722ede94e4dc9b753bc8e56a96ca9a15015ba8444802010254080140402011f881100272a2a2eac055d0064aa03d1254efdc00ddb5ab605572eb9bd348afca8d3211b97174935ef0345acecbb7ac6eb5ef036d9f50f25696972bed06b55bf58725169b75f785f26fc4f5d65c6e2de9fb8645f27b6f4ffae2ddc9a53aa6bab7d0e93d7bf4e77b7b0c4f505acd6a309520bf3489d7384e9765f229c365b74825ab3cdedf6f8bb71c6b0e2294b2a336da5e0787aeb5eae79c7a8b74d91f6198d1f776283b821ab5289548015088e4d1406d914caa91501d3bb00a9469a15114db601722a125a80bb5d69d8056a9a54015d355e443092a760a49796ac815293f220146f4f8154b283f0011c153564525178558406bdc5c15cb6aea4c55139c7c3432aa2726d79780c18f222eafba335a8c172d49b75d118d694cac2eec9aaa64ada0299ca9d10c14ce52f1a7b0a2b6d569ab2e0ae527d95116046dbeac0adc9535ea6908d36ffb2080edbf1a7b0a15c609f8bf8842babfcaa9e3528128d75937a0d0b587408126ba2285a4bbfe0540695757a8d01af04006bcfdb41a15ed8ff6d4a84772bf962dbf3d0b88493b8d75497822fc184d91eb4af9b2ea615b87881373eca8bccb89aae4df46ea542b925a742e0ae575568aadf917134ae737e5ed2a17afe66df9001a4f48a29855665dd8d307e9c52d5ea4d4c0fa7e0be25d5c1fa72f60d301d98a75635311a8ae880fd0ca87b1e51dcbe004534803bd1045200ee203b803b803bb50a9b8826e00a01910100a4035002910324035002a8044c28ee026e026e02540298532604dc9750859645a8f56675ac553e46c416b2466f71673592f7a831add7e65a1cefba373d56b9793eac82aa83a9c7afe975e7d0e5647a8f2ae568e88e1d7bed77e7d31cebdc95eb9f9ee37ef38dead749cc8cf2cb8f764cabaa679f05dcbe06b35ce4d2e8cd4e1358af7295aea749eb4f2659f28fbbd0d4f5b37b63bdcb453fcc749eb62fb186ff35155a3ab3a4f5317dac37b99bb2fcba1d27aa39df6563b9997ee7ea6749cc62f555ff9b2f16543c312ec9f42791e35a6d717725d4c5f63738adb67857d5a317dadcf537d9e192eb1395f73a4f53a3638882eaaa72bed749eb6eb3c6c23fa51cafb2ba4e174de3e3c6b26935d8925a5b238dc8fa82d24e369d5d5ad0f57aff9efe5e7efdffa796cfe42f5e9b4e5a7647b39e2479baead61727dcdb05a84002010080402010020400810015d400ee25d3501578bea50c881d3514e4fb14666db757d4aca010028074016c01dc0dd838b29ce292ace4fe546b98cdaf5fc571f26e362d2affee4cef3e2395f9af6bc571cad4124f6c63d59e4f7fbf23d1eaf5ba539aa78423d17f79f2fbeb5eee395983737e42f031ae998f4f6ee476a5e46d959197915054806ee113af700d50054aa8a815ecc09a328942a26dd6800aa4e9d4035289b82615b8b061675ec14ad3ee40145781016925fdc542d151e84c52a5d6ba14573a78d482b7355e814b2950a8a6526ebdbc096a91a7233aa12b7f04055385b44aac97a9474e866c58c1777564ba2ec671a8c579d3bd48d33ca9d9014cdbe80552a772846aab402a7093eba1740704baba9742d17e9410b2527e0805a47bba9508e515a2ebe0023dede8a8bcca857175d5d5942d28c2051b0034d77d0a11ce2bdbe25c423b926f45f12e01f3beaf4017e58f62a03b91ec8b89aae526fc8b88ae528f7752c8847712e9a1710ae4df99423725e410ae3bb5756cba228b7a2d0188edaeeea34324a9d2a454db26f4d001f4ffa98d4c471844a2396ba2af980af73eae8057294576abf12a695dc935d285c4d7e80faacf5ebca9bd8d0771015201ea01ab00d402aa451d402a2d80ea03032403200805004035203b803b8806e026e0a2a404a81372f1004afdb8f564d59145ce4ec43ac919bdc6a72c391ea3c7b7fa91cbaf748e93d56b9793eab8d3e47538f5fd0ebcfa1cbc8f51654de8e9538df75aeb3d318aef29933eb719cef76b7389196798dd774ebef27cb4a679f05dc781acf77944ba3353d69e4cb7394f3373d69e4cf7391afea353866f4c977938aeb33a4f5b37b63bbcc4177ab373d4c5f6315de626ff29d27a9cefb192e675f9f737388cdeaaa72bd3eecd3231c5bb2ec4f28b8d16f8db92a5519bdb5386cb3c3b7d51cefb5b9eb6db3c3a5d8e77dadcf536dae2e0bb1cefb1d27adb6de0c17639dedb9caf8e3c17631e4d78af85a4ba233ad62c6e3055934861ae76773b671e2d296a77f5fa2d71efdd23c8f27ce5ec8935193513ddebf54e5e3efd96b0e35dddf52127ad3747daba9d5ce299bab0a56c20044020100280800020040950039a011cd940d5805201910300b7a548a878eaffb8b12a92a20040280740402fc7b129c96956cb225af53c2717394928af9e5f9a5e0bc0ed32395baf79c571b6ed4124924bf348f37bbdd8edeaf5baaee476d23a423f89f37beb5eee3860cbcca7ca8e35e8931bf8272949c9f512a751e96db696ace8e4b617007faa91511dda8055d752a0a9360591f680da7bca2274ec107700b26aa00a935701b65069a0445e6c00e9ab006fd3c0a11cd00b2b893d100bbdb026aca1763003b4aba902b843de057371ec67154cb4e9d462ab72af564145c9535a0196eb953c3c49558aea4d5599ad31dde865a659297b80ae50d6ad85573da056dc9aa53e202b8f8bf721a13e55ab2a2b95cf045c3492dcfc805d9aeaea5d40692600dcfc00565423da91508e7ae8abed2e0ae5ba4b5e8540d890d0ada28ae527db42e33a4935d5ea54572b94d3a2358164d7bc22b7197766b44518f44aa3530db25ec44d5c07055af5634149f4a104fa6fbf41a603b7148ba226968b5080dcab5e802b6abab285dea8e8bde5456dcbc6802c9a4b57d4a8af7782358856e411f7e8d4f4bcc748074980ca2c0748b809032403240351005300d40352089806a146a01dc412a406a04a801cd20a4964423d59357145ce4acc3ac8cdee353962bfea1b104fe6473bee8dcf5d72f27d5714da8ba9cbaf7baf3e973323d4b913aed671ebdd5d67a6305de5326e6ae6ce77bb5d271232dcca6f594b533f2aa5e6c63dcbe26a99f2515dcd4f5a7928bbc9f83353d69e4c577917e26e70cde996e72697ea373d6cded92ef2abc4e93d6c5f6325ce524eb4373d6c5ed4cf3ef4bb9a9c467caa973bb3eed950638d765d87918bedf1d3975337b6a70d76b896daaa317d8dcf5b6dae2a2bb1cefb5b9eb6bb7c6c17639df63a4e1a6de1413e862f6d4e5a238e976317a6b1746c99b5716c2c3f026aae8587ec26aac5652d599d1972f3ec63c5baaaa3a71ebb58ebb91e6394f52395636dfbcf77aff009f3ede4f67bb5e73232eede937275a9e9931e7b759db654359b8addd8c9f4e92f63d00b2e468e84695b2a5008204d402900680400369750177a0039b28156c09400d082500850500d1556414ce5ba4dfc3d8699281002014037502eb365c9ad2acb2257a0e278c94e492557ddf81d26462fcbdc711810b51518aa2fd523cfedf6e3afafd6ee292dbb63a4175f33c1df6f6f1c32e56624b6c4e16ebd12629c5c79dfb957d0e5d74d48f49c763ab692487119eabaca5a1ddc8532a0aea03d5150770d0f1b942ea6195c64d3164652f6141af98137782200a4df5283a006a9150ae6bc404fa88057724c009b6511c6a01fa6bb81291402b925ef003b9a0092b8a9ab28a9cbde415b6fb115549ebab20adca8154dc9b7d11159ae5592ab1dd8aaba99565b8bc08aa255f61154ce29f5d48aa5ba7402b9393ec514ca326f57a150b2497f36142a8211babe942856bc58423718af33411dcaa1885d5f7a1423a042ca4922c8114cb89a49491515ce7ff0081a4aaf717101b6fa68805d9af4a974c1706fc89a61a36d25d2a4d5c1fa6fc2834c0fa7e634c47b621024f5d11423ad75742a15b8fb59456e72ec8b880dbeec0af72ab7d4a80e4df428ae5bbb96206d7d0682a0ebd06a0ab4d7f21a3ef9189ebc794e914d3aa110cba8346a04a8053a1146a01a805300ee026e203500d428d409be2bb9024b2adc7ab22e33dde56c43f5225e9672c17fd456215f991cefb64749ebb5ccc9f55c1552672ebdee93d2e5647aa2f4ebb5b395f6dae93d5182ef319372bf3339dead749c466965ce5f9a4ccb4aa59315dc78aea89f2118f47d0b384f267b9c9beccdcf5b37a669f252eecdcf5a79335ce452ee6a70cded9ae725e66e7ad9bdb34f9293ee6e70c5ed9e7997246a72cdeaab72bb2f12a0c6c5c9761a62e8604df5466f6d4e5a6d718fba317d8d4f5b5dae363a6862fb1b9c35dac08aec73bdba4e1aade225d8c5e9a9caf86353b19bd3522e8633f033e4b8ba38cccdaaba18a675716471957a1345d1b089a2c56e2882abf9566cc6ad9ae79b52f58f3dcafa9210ac60f53d7ebfe779fd9ee793cee5afe449d65a781ede7d723cbd776b9f29b6f536c16a04a8000bad4f72d8ff32fcafc57805945a0a5a06536806880800a80929be8805289400a401a00482000a250080172a424fca9f109549510080101a2aa05f6ad36e88b226bb3c671d3b934a31ab66fe99fb7b8e278a56a11496bdd9e7f6fb71dbd7ebd772dda505b56915d4f0f7dbd7cf2ab27268b6c4f3dbaef229c7c6b97ee55f433d5c6a3bb898aa092a1ccb5d4b3148eb2315a37336c194bc4a83bb5d351a1d365d056a0325e403a8bf12a26ea041536505cd5000a6809f5180ae5202200d0a0d12089b9001cd942b6ea007228472d4815b6c047d0057a00afc482b9eac2aa6c82a9f4fef22a8b8978e84ab192ed119ab192e3256996e2975e8455125e20268455526ca11f408aa497b4aa494e8a85454e522a03dcd6afdc8293e545424a48b88ae5265c456e68b88573a9700a950b3526f4d1008edbaf89753115b7e1426ae0c6d31a61fe9f8934c4508a1a25500b272a685456dd3aba94239aae85c42b9499423a2ad595037c5742e1a4949b084756ca88a3200ab6c03f4bc4689b12022a20036d81f785247b9e2354089903d4a0d4820048254a191147b81372200eec57702b965db8f726ae28b9ca5987ea466f4d78b15ff50d8857e6462fb246a7aeb9793eaa8aaed7539df73acf539393ea7bf3aed672ebdb5d27aa39d7b98cab8ff3b39deab739919679937f9a465a552c98aee5c3554b3a2bb97c0f2533e43c19a9c27933dce45f89a9c33e4a65c8799a9c279b3dde41789a9c337b659e7499b9c337a532ca9c8d78b3e4472b922a0ab372434c5b0c293ea66f4d4e5a6df1de28c5f635386ab7c72f0317d8dce1aade0af0317b6e70d10c25e062f6d78af861f919bd35e2bede219bd2e2f862233e4b8be18c976336aad8d85e04d16c6ca26a9d5b44d0ca2406802ceec20aad9642d7273f9bb56a2e92a1dfd7e9b5cbbf648f29c9f3f76eb7183d3c4f77afd323c9dfb6d70aedf9cdb6dd4eee2a9b000100851008032bd25f9be65e7d486ac8ca32fcafdddc2a040600003602d0a201002012080428896801a2200d00975e8a3e1ab2b34952880400a5502fb56db742c88ecf1bc74ae492a56a6b719fb7b9e1b888da8af97e67d59c3d9edc76e387a085b842345f13c3df5af5f3cb364e5516d89c3abaefccc5362ccef4fda73eab71dcc4c58c22b4305746d4294d0dc617c743519591ea6a3262864fcc064d150ea48a26f4bb9507ea00149b00ea50545d020a4c8a292ee105b8940a801b2a26e0177f8142ef6047200392a008d801c80572012526025590249e8155ca5a905771e9a1159a7522b3dc48956334fa6a66b4cb73522a9b9422a89ca291705329d4a2b6d80924fb808dc51456e48b88ae5734d5d0b89aa6770d48ceab7365406db281b18d07e9a26982a03571366a341d896a41291a00b52a15b650958aebd4a8595cd34431355b72efa14249c575d4d2125355d0b20472932e216952a0a890156d8d0df4e8344a200550407560075285f6200303ee7067b9e258821900c9851dc40c9811c9788d0aeec5772698ae79b6a2ba935ac64bfcc5987ea466f4b3973723d4d6635f9be062fb2373d6e6647ab16aa2ce77dce93d4e75ff00545e9576b39df656e7ae305ee6b26e7ea662f55b9cc64b99d765d6465a552c9f1630d572cc8aee3c4f2533cf5d99a9c25e99e7c83f1373866f4a279cfc4d4e13c99e79adf7353866f4a65972f135e29e4ae591365c4d2eeb8ca82ad5c90d316430e6fb19bd35e2d16f01f7466f6d4e1a6df1ebc0c5eda9c34dbc15e062f6dce5a2de1f919bd3539698622f0317a5c68862af0317a6b1743192337a5c5b1b089aab63651343c6df9115646041628e840d18aa80c920a34004a4a2b56241872f92b7693f98e9cfaf58ebbc79be4f9f746a2fd87b3d7e879bbf73cd6567ddbcdd59ea9cc8f3deb58e526cd32500010085000804020100b2d4f73db2ebfa59033ea02b001440201008014012080440428129a8ad75976412a86db757d4a880400a405d6edd5964475f8ec094e4b4ad4bb89f6f71c2f111b714e4be67d4f3fb3d98edc70f436e31b71a2f79e3eba7ab9e54e464d3e5470eaebbc98a6cd99dd9f89ced6f1dac4c48c12d0c7d9ae95ab74352336af5446a307aa349477d0a89f51144570065719432dcca8b147c4a878a403512ea04aa404dc111c828392085df4281bdd408e5dca06e1a23900b50039003722a06ea80180840ad8506c8164d771a11b488aa6735520cf72488acd76482b25c9996996e49f60aa2757dc8aaa4951815b5a14572a5461aaa7348b226b35cb86e467557d46cb89a595594056a44d30df4b41a6228f90d5c1507ec26988e314006d25a00b52a255f7016b1450929f817115ca4fad4a8adca28b884773c0b89a494a4fb9605ea54450634156e4343ab6a9464d312890113402b6ca85d0005128c20340074284949208fb8c6ec7c4f6ebc63f5a3d2a34c1fdc47c46980f260bb935715cb3adc7b934c67bbcc5a87ea44f26bc58723d496635f98cdee353873327d5715f959cefb5b9ea72b27d4f7a5f965a1cefb2ba4f5c732ff00319173acd98b6b72324f2ae49eb222ab77bc58c08f262bb8f13492ce5e25f04f2679e7bf135384f2513cd6fb9bf067c954b2df897c53c954b29b2f8a792b77a4cd62696b36032b537d8698b61893667c9af15f6f05f7466f6b3869b780975462f6dce1a6de0a5d8cdeda9cb443117818bd35395f0c55e067c9ac5d1c65e067c9716c2c2f0336ae2e8d944d5c591b48ce8b6304453a800ea003a8114fb480a880ea203289046bc4a28bf930b6b566a73a96e389c8f370826a323d3c7a75c7bf6e3cbe7f2f72e3747a1ece3d723cbd7b35c8bb7a52756ce8e6a9b0140804288000201008000201022e8cd4fafe6fe2454a012800a140020100810772f1007d48f88341ddf0430d2bbb27e41348510220052a816c20dbd0b20eb71f812b93492ad4bb89f6f6bc2f0b18454a51d4f3fb3d98edc70f470846dc68b43c7d74f5f3ca8c8c9a691671b5d64556adcaec8e7d56f1d9c4c78c12d35397dad746dd11a9195ca691b8cd4fa8690dbdb00a6d84324cba1e31d422d8ad0a1d51150ca65114d950778037801cc01b9811c8095025400e454072400de00722815026ea002a006c68572a134c2b9a20473550a494e9a8144ee79814cee3a91545c9482a896bd48d28b8a865544c0cf27a8c3545c9a45c359e77fc0d626a995c932e2136c98d52bb2d9353115848792e0a853b134c4da00a2015a450adf81515bf6842b92281bcb8125265c423b89170d23b9a685c4d5539365885a32a195ba93418da1a195a44d076a43406d2015b28568a89401685128920856d1407254f308ae573c0a11c99508e451f4c7ea08457e63af9b8f82a9fa96dafd43ccf067b9ea98f664ff45ff367b9eaa7d999bec6a7ad8af7a9af4ba48cdeeace186f7357e7fa8cdb5b92324f3aecbac88aaa590fbb261a4790bc4be26ab9664517c4f2552cd2f8279299e63f1353967c954b25bee5f14d24afb65c4d23b9265c4d2d64c0656e6c6ae2c862c992f4b8be184df6337b6bc5a2de0af0317b6a72d30c34bb18bdb5e2be38abc0cf9358ba38e976337a5c5d0b0bc096ac8b636a86755646da26aac8c09ab8b23022c3c62416c6040ea3a914ea003a801646003a8103c6dd402ad9036d481a5b972104db2c896b999dcac2dc5ea8edc7af58ebbc797e4b9e6eaa2cf5fafd2f377ed79fc8cdb971b6d9e8931c6dd6494db2a11b00010085100004020000200025426a0402875724bcfda4c5d4fa8fc061a0e7209a9ba40d072742815601401ec000030004402005202c841b7428eaf1f8329c95155b1a3db709c3282529475387b3d98edc70f490842dc288f1f5d3d3cf2cd939492a44e56bb48cb6d4ae4cc5adc8ec6258514b4d4e37e5a746da7ec2c8cdab554d32b11a4a74821e250e9c5043a9150548a0a9f980dbd15077944dec02a404dc04a8113f8941d02254095015b0856fc0a05581357e434c4d10d54aa201b80494c0aa52015cc291cd8423abea155c96ba9056e8154cd916289b7564567bb243066b93f02e0cd36db02a9c1b1a11d8f11e4b8576a2bb134c4a53a114b440068a84931056d9501b28ae522a2b7365c34ad8456e71a1ac45729bec5c08dba150008a0350ead32682ad788d30d4482868904236ca16a542bd5811a00685406d2011cfb171092997056e4ca80e402391710ae4ca856ca355de42eb7d4ce1aaff007771f5631741df93ee30d0facfbb18687d7a7718695e4a2f8a6ab96517c4f2572c8932f8a7911dd932e2695ca45c4d249b29a5d4068c24c9a2c8e3c993c9716c70df819bd353968b785e466f6d4e57c3112ec66f4d4e57c3192ec62f4d48be361135716c6d233ab8b15b26aac8db268b55b4453ab6453a8103ab6058ad915646d115646d80ead90591b60d591b6434f182069d45034e92068a48816538c556a5c18f2b90b76d3d4df3c6b37a79de4b9f4aaa2cf4f1e970ebd8f339bca5cbb27f333d5cf123875d6b9b3b8e4eacdb0adb01580008510000400010080402044a82804402144020100200600403a0037502010014025008a2116420db28e9f1f813b93492ad45a3daf0bc2a8252923cfdfb1db8e1e8edc636a2923cbd74f4f3ca8c8c9d288e36bb48cb184ae48c5ad47530f11468e9a9cad69d4b76a941896b445248d4432a15936e089b8a0a97980ea68a86570a0a954a83bb4282a6015260354a829806a014c035f32a26e4808e402d5812a344d009b8815cc05722a86e08573011b6d8523208e802b680ae520aaa526c0ae520299b033cdb6514ce2dafef25aaa670eccceaaa7149935708d114ad015ca85154c042a457274ee508e48622b948a11ca9dca8ae5345c4aaa536cd605726ca85dad805db64d055bd46a0fd2434c1da97600d520a5a842b285ae810aea50340856501cb428adcf52e324726508d9501c804722e215b285a3611368d029428a257752e33a1f5861a0efb2e1a4fab2659ca69946e48d4e13c974316ecbb33af3e9b58bec8aefe3ce0aad6889dfaec59d68dbb2e48e78d1fe85060576d2182b94100616d575335a91a2dda48e76b72355bb4b4d0c5ad48be16918b5ac5d1b4bc096ae2c8db44d5591b64d5591b64d53c6d90591b645591b405b1b4416ab2453ab3e403ab2058ad1058ada01d5b440ea00328a4032486034202151c92188a2ee5462ba9a9c97a7273794514e8cefc7a9cbaf63cd67f29764da47ab8f563875ec712fdf9ce4ea7591cad669015b600a801940020000800020100804088540020100804a81008047d000014802040201008032403c60dba2111d1c0e3e5766b416e18f6dc2f0aa094a51387b3b77e387a14a36a144797ae9e8e7966bf93d91cad75919e1195c9239dadba9898c924df539dad3a36d24ba1117c645436ef16544534541fa8540dec28a93f12a1d48a2c8b01954a874821968505007a1512a8609b803bca255841a851dc007244137001c80472015c80156502a04aaa801809268811c8295c80ae4c684605735525ab8aa51f11a62b9244d555322a99aa905130aaa4c0ae5265153605729a2a2b722e0ae52454552914552932a11d5b2a06c7d009f48688adea350ea09135536a081a1406c050034540a00ae850b2924115ca66a442b900926cb10ae4508e48a8adcca856ca03ab089b46894401aa003d5142ed08e6b93676c73d15193ec3134ff467e06bc534d6e347aa35cc4b5b6c4edaa551eaf5d8e5d6b7dbc8b6a34513d9cf51c2cac39b73727e678fdf75dfd71562c9773c4f4344d2033cd015344a0264b162fb535d19cec6e56db2fe072adc6db76ea73b5b8ba369915646d1156c6c915646c79016c6c105b1b00d591b20591b40d58ad80ca045d3a822e1a65126219243174688986883450352a412a3155cefc62ba9713592ee6aec76e3d5ae7d7b31c9cccc9d5aa9e9e7d2e1d7b5cbbb395c6eacefcf18e17b61c8b0a9e66b0d727223b5995676c8a5602b450ac01502000080402010225420144020100150201008014006c08806020000204401405918b6f408e960604aec9682d5935ecf86e1a314a5289e7efb77e387a24a36614479fae9de72c79195d52395aeb233c374e462d69d2c4c74a95395ad3a3049226156a9a45c41fa8541deca89b8a194881d00f145458920874d143a6690d168b81b721889bc08a401a0d0688683a012a808e402b9d005de04de0072602b90545200390037144dc10252204948291b600a0092440afc88a56057220a66d20aa6725d80cf7240533682a89cb4029936515ca48a2994cb88adc99426ac09b401f4c222b434c176d001a48215942b0050056544a0034400724545729d3da5c15ca65c424a4d950850ae69171348e65c42395594075600dac226c025100a51281114580ca2808d02b359c1abd51ee9eb796f4d70c14bb1b9eb67c96ac58aea8dce19f22dcc48b5a21795f2649d89c7a18bce35a5fa9723d84eec322bbb71c918efad5e62ab3729368e2e91bd4b7442ab9a02a92204688a8a5425846cc5c8db249f43975cba735d9c671924d6a8e363a46fb76e32467175742cea3175746ca186ac8d9186ac8da489869d5b0699410c5d151181922606a0c04608304a901a854a812a4a165712431759afe64609ea6b9e19b5c9c9e4ab2693ea7a3d7ead71efd8a637e5367d1f57a5e2f67b59b3a5f36eec6fbe31cf9eb58bebc51c9d319b22fd55095a72f22aea61a8ccd052b003015800000002010084442a50288040200008040201003d150000141042801002014807841c9951d4c0e3e5724b4336ac8f63c470ea0a2daa1e7efb77e787a1828da824bb1e7eba7a272c59597d91ced6e4635294e44ad474312cbd19cbaadba56a34464d5c9841dc690c980c821944068816c5150e821d3282a454329143558d06a3414d21a0ee00ef026f026f003b800dec0152895025420d4a15914000d902d402501b1a14827b000d80ada02b949015ca60553911a533924067b9318289c80a2520aaa6c60a24ca2b954a8471d405d9dc09b420ed0051003720039142b410ad001a281a2ea108da2857202b94cd6211cd9515b2857208494cb89a472285753481b5b6015026834480152a15a6d8036b00a8001a02010225501b21149688faf23c169ca8250ad0145c823362caa256d7819c6b59efda491cfae5a9582e7cb2aaec70b1d256bc7bda2234ba5aa02a640ad1148d0063268847430735c24937ec673eb9749d3d0e26446696ba9caf2deba569c648caad51a10589201d4517032488250288c1080854a9006150821151b02bb97a315aba167296b9b97c8c629ea74e7d6e7d76e0e672adb6933d3c7adc7aed92c5f95c956a7b3d3eb79bd9d3a56e5b6343dd98f2dbac3c9647cad2e88f3fbabafae398af367975dc252af5033dd5546563330d03015a01180000c00040880d408850008040001008040200578f8002a1112a80c000a80100a01e106d951d4e3b8f95d92d34336e2c8f65c4f1118a8b68f377dbbf1c3bd18c2d429d0e1d577e631e4e5764ce6e9185ee9c89ad36e2e3f47439dad48ea5ab74302f8c580e9150742a68a603201d3410c9a287530193603263458a850ca4820ee006e289bc28ef09537944dcc862540952895082aaca82901068952296a04003a00ad812a006006c0572402b90154a4024a680aa5702ab94c2a99c80a2720299361554aa056e2c049440470080e002b8a015a015950ad3015d0a8940068ba801b40572917056e454239bec5423a942b2a11cbc0046d9a4234c01b59753055b26988e290034280d950b4a813683076a1a23a040a00ad14280ad950bb8a3a299f59f3cd50254a036057220a6445517fa19e9a8e6df5ab3cdd4758aecdcdb2a7c0c2eb7dab9ba340d0c910232295a142b2091938bd011d1c1e41db6949fcbfc0c58dcaf45899d1925ad5789cef2dcae8dabe9aeb5f339d8d2f525d881e322e878b286208c820546454001150804a692185ac97b2d453d4e9cf0c5e9c9cde4a95d4f473eb71ebb7072f3e526f53b4e71caf4e74eeb9336c3760f44cf5fa1c7d8db2b8e877ae518335d60cf37b7e9db8608bd4f2bb1db2a2b9f4645669a2292a150215a0a5602b080042a000400040201000040201008105f800002b4020540880102c841b651d5e3b8d95c927433d56a4d7b1e2b898c126d1e7efb77e797762a36a1fc0f3daed231e4e4f55539dae92317cd39135a8d98b8b56aa73b5a91d4b3652460684a810d50254a26e4113714329143a640c980c9a01e3201b700ca6541de5137807730226012835022603150420aa007778011c80156401b0054a2104015b280e4023900ae680495c482aa95d02b73f81424a40239a02b94aa1554b520ada602b8808e3e440ae234238a1a124804680ada281b40568211a2c0ada41092914239d0b82b94d97108db650adaee108e6bb1702b93a0423e850ad3654156d8d5c1d8913446922a15b011ea50368d44d85d01a4113502742856c056ca856c046c21645295b2a3a0a47d6780e9944a9501b02b7522ab9f422b35e663a6a305eea79fa748ccf4661a68b177e2456c4f746a452b2291801902b0226d740ad98b9d3b4d6b4338b2bb989c92925ad198eb96e5752ce626b4747e072b1bd6a85f4fda6557c661162980d5a854009144014262ea38ba1b9cb37a66bd548ebcfadcbaedc8ccdceb43d1cf0e1d76e2e5c2e36ceb8e7ae65db33a85512b72441b78f52755e07a7d15cbd8db24d1e8eab8c63ca5f23387b3e9d787393d4f23b9ea5424882891155b4174000c05602b050080510080402010080002010220052a4777b90000280851082005202c85b72651d7e378d95c926d19ebac6a47b0e2f8b8c526d1e6efb76e7976e2a16a3e0ce16bbc8c79393d5230e9231d5ce466d56bc6c7ad3439dad63a766da8a31557c68806dc101c8a255805328240532874c064c064c20ee60329300a6ca193019301aa5414c09501900ca8511b1a8951a60d41821100004005400e402b9142b9a2047711ac15bbac0adcd80ae4155b96a02bafb805602b40234452b402b4401a540124c0ae4409228ada015a015af1011d004932c453266915b9015c9b6542bf3d4a11c8a12526ca8adb2a05002a2d807e9934c4a2400a801ea50ad54206d2e89b4680d7800aca8565440a46ca856ca846c056c056ca852a15951bd33eb3c2b132a26e2856c056c82b9325565bcce7d37186f1e7e9d233c8c3491938ba90742c4f75b44ad433d4815852902b020102adb57a70e8f4261ae962f24f4ab336372ba98fc82696a72bcb73a746ce627debfc4c6351aeddf8cbb99174663458a7501d00db4b2169a36eace9cf0e77a68562b1e87a79e1c3aed45dc5ad4eb3972bd305fe3f7574358ceb0dee2535f940e7dfe27fc265586ef1524fa0d51c4c19424d53a9be3acacf535aa7852a74a9dbcdcb1932709b83a2ec67abad471678b2527a1c1d81d89240553b7244144d3a8556c815a0005280ac20140020100804020000804088044aae8016eafcbb000a0f6005480805202cb76dc9d1147678de325369b463ae9a9cbd7f19c6462936a943cfd76edcf2eca50b50385aed2316565f64cc5749187739caa4ad35e3d9ad0e76b523a56a09230abd3206dc1037a289bca0ee0a64c81930829943275207450500c8064106a0326032286410c99444c81aaca0d4095202aa012a0d514072410ae400dc007301257004770a11caa58a47208472d401565028450a0019100295a6c00d24155c8811808c0468815808d1423a015ca4057291457298c454e4d9456ca849348a2b722a11b2856542ed601fa6bb8d05452208e850adb0168c226d026d0034029511808d942b2846cac91c9942b650ad842365400032a0000a8d899f5a3c27a9513700b5003605727a19566bace7d3718ae9c6b719e4736a142b5e24e8a9d9f433562e73a48451ebaa2295900000000352029b4f40abed65ce1d59316574b1f90f331796e5746c67d7abf79cef2dcadf6b37a6b531635ad96afa91306eb6ea8e9cf2e7d55aa48ebcf0e77a32947c4ed3972b5ae335182d51d239d0738334c964e0ca2a9c2dbec66aa89e35a919566b9c7c1f60aa9716b768881df1cd2e859d258cf7b8f4e2d6d35e6cf8b8f7b8af99ba196d44f8a74e8064bfc635d80e75ec169f40ac93c564154b1da02b9596bb015cadb40238b28469810000402000080408804025003d135dfb800a0a023600440c914596ad39492407738ce29ce49b463ae9ae797ace3b8d5049b479fae9df9e5d7ac2d47c0e36bac8c39599ad1332e9181ce537e266ac69c7b5539f55b91d2b3149230abd3a101de5137b026e00a900ca403aa80eaa015401e2c06403a08640324128d0064806410428a6014507508350254226e00ee2a86ff3285fa8108ee00aee14c2b9830bb801baa501d40141a250014208c05600a2003085614ac1a4688a46805688125428ae7220a65228ae5328adc80494bc422a9491424a45456d945726542b4d944dac9a26d480142815080c0142834209440028561092650b5080d94236508d84236690ac046540680142a03402b2856c2032a36268facf08b91750bb88a0e4007220ae5225aacf759cfa6e32dc3956a289186a148abec743348b2e3648b52170b84ab347a9968180ac080400d48a2015294754068b39728f5666c595d0c7ced56a62f2dce9e87027194537f131e2debbb8f2b7b154edcc72e9466dc56be78bd0ed1cab9f2e492ee5d66c5b1e522e3d46a62d87271a7535ace1d72117dcba983fbe8f89357116627dc8a6592bc48abacdf8b7d418d3f562c804b635aa06325db169c99515bc4b6d018b2b0a14d120ae2e56175d08ae6ddc4d7a019e58be40532c51a299e28145cc57e00512c792ec5d4c56ed3015db650bb1801c580bb58028c0811002bc40051008010000c05b66d4a7249203bfc6712dd1b473eba6a72f5981c72825a1e7eba77e63a2f6da89cad7491cecbcdeb4646e39eeeb9cbc495a8d162db6d1ced6a4746cc288e76b6d31207dc04dc04dc1055429a340874c29d3019301d00caa03a087440ca803261306a530c9806ac20812a01dc04dc04dc501cd003ea2450aeef98c0aee3285730177803736507502500204a11075a854a15028442b0a50683a840602b01580ae8804930aaa520aaa5302a94aa05526515c9a2a2b94860adcaa508d84275015c5b281b10d12800610ad32814026d089400142801b0856ca15b015b2a11b2856ca15b2a15808ca8940814015a285602b654236542b6542b651aaa7d47852a00dc04dc02b64d524999ab145c673e9a8cd719ceb4a6465408abac7433561aecb4246aa88ce8cd32be170962cab6b5446819028100204a806a41007b73946482bd870f795cc6849754b5467c5bd74ff0075b63a3d07d2563e43904ecc954d4e98b1e7ee64cb75531a04736e2ee351647909f897c9316479197897c8f15d1e49f763c8f15b1e47cc7918ba1c82f12e98badf2147d4ba98d90e45f883174391004f3537509831ca54ea13145fc8d3a935a91cebf7d5593c9718a738b634c56d41f5435308ed5b6340fda465d0a04b8faae80c65bdc7d2ba03192784fc0a8a6586fc0a62a96235d8698aa58cd0456ecb285765f8008ed3017e9bad0224a3d8a176b400a300d00804480bac5895c924901e9789e19ba49aa9cfaedbe797acc2e363049b479fae9da46f96db71f039dadc8e4e766d2b46469ca95c94e42ac5f8f69b39f55d2474ac5b492395adb5448a7d480841a80c980500e806403a0a7403208b100c980c40c8065501b42a0d50137044dc04dc5037801dc1815dc280e602b9140720055b28947dc02910324040080422012a04a842b6c00c2e95842b6401b450ae4155b90457298557399455293615549809291711549815c8049150ae2dff003006d400a2003402b017695128344da34071a00ac052a03015942368a8494aa02b6542b6508d940d4269685440034500203602499456d9508d9508d950ad942b611a771f4de34a90072404dc00720124f4335a533673ad4679b315553ea65408abed742558174916b348a8309b451a6ddd258b2adad568654a454025409500806a4544f508e9f1dc8cf15e9ac5f60d4aeabe62cce35e8c623066e6a9aa2631181dcd4207d40a6fa80346e80eae2206573c180caec974615647226868be19b35d4698ba19fe634c58b39bee5f24f15b0cc6fb8f23c4d3bee48698a2e55a2698a250af660c23835dc684f9932a2db7369ea8ba354255450971a60512841f62a11d8b6fb1515cf161474032dcc3a8144b09f804c2bc27e00c553c37e034c23c3718d69ab2a62878cdb28ae561f80427d17e00076a8509f4d816d8c69dc9249540f4fc3f0df95c91cbaedbe797afc2c08db8ad0f3de9da46d9ca36e3e1431adc8e467e72554991a716edd7725a943d9b4db462d7491d2b1669a9cad7491b21148c2ac4c0350895d402980c9903c407550a7410c807403201d00e8029a0194806dc04dc11370037a280ee0c42bb85037b285dc01dc00ab00a4c029006840d440148023440214008200604080c056c056e8408e4555729808e6057290556e5e250929045729015b6508c056aa00d9e200da900925a015b2a050014005008d001d0216a006508d942b602b654236509290423650add4a80d00ad151280065406d008e450ad950ae402391515b6542b6508d950ac00ca8bd33e83c6950a0d8d02a34c07226a96523368a66cc5ad4513665559951405f6d7ca66b502ef43316b348d214a831934068b774962eadaa7aa338d011500801a8040803295003f559407758405742195c00ab8862994c98195c186995c44c532b88078dcf322ac8dc22ac524c8ab2297626ae2e8a7e267571a6d465a225e9a9cb446cc9d2aba99ff46bfcd72c14fb6a4ff55ff207c636ab4aa2ff00ac4ff166bbc735a50dcf6317d4ceec4a2ce93a73bcd14dc4d4ace12722ea612be634322813e8114b7a974041164629f54032b16e6f55a2ea057771e127a1453730634a2f6b1a628971fe40c572c069741a98a2786fa50ba605be3a53974d06a63bbc670f14d368e7d76df3cbd461e242dc5516a70bd3b48d929c611d4c5ad48e5e7e751355234e25dbaee49b6554b56eaccdad48df62d528ce56ba48d905432ab53206a812a032202881d00e8074c07403201d50064035420a9807701372283f50600ee218a0ee3006f2a03915137013520214420a01900c90074401a812a04026a410a81500d4a856c00e4007201253011cc2ab94c04722a9252182b948211b2846d00a02b4d8d036a0a04406148c215c4a11a080d142b015801b011b08152e056c057228adb2a11c8a15b610a50ad1500080028593a0456e4542b654239142b900ad9508d950ad942b080ca00019516267bde446c046c8a95015b26856ccdad2a933355548c85228a02eb7f94cd6a05de8662d6691a4232895082a5406afb776831655fa49563f0338ba1d4caa01008152a01a800a80c05089565054d8055c60157061a657461a657513032ba4c5d3c6f53b8c5d5b1c833e2babe1908cde5a9d355abd17dce76372ba38b28c9a553974edcfcbb78b6adca6a2dfbcf375d57ab9e7e5dcc4e22d5da3df049f8f5f79e7ebdb63bf3ea8d77bd3f0fd328354d68f555f2fe2667b9abe98e46670d716e9462dc5695a551df8f738f7ea70f2f0a70ad156bd2a7a78f63cbdfadcdbb070ec779db85e59e4ce93a73bc96a8d6b389b8ba9892752ea62a69d46982932ea61d1753166ea22e85af7610add7500a282d22036f13ea3fcba12d5c747178c8249d0e77a6a4752ce34608e76ba48bf7ab68c5adc8c19b9d44d2645716f5d95c9144b76db666d6e46db365aec73b5b91ae11a18696a2064c03500a2064c06440e807403c6803a6015240329041de0073283f50601f50a88a61477013701130a2128a40324035022502992082a8014c80d4a210128840532a03600a801b081b8a15cc05730a5732948e4023900ae4149b8215b0a493015a6ca81b480052b015842b01580000d0295d0a8adb015bd4a15b011842b650ad808d942391508f52a030168501a080ca15b400722847208493d4a847234846c056ca856c056ca80ca0040015944080c03a9ef7951d40475200ea141d4815d4caab954cd5572205228a02eb7f94cd6a16f198b59a4690aca0004335157b1468b2eef64458ba5abf0978196a276fee228010820042a000a80e80074003080544d4a0ea045b803f39032dfe0032773c029d3bbe04f8175b795da2ccdc6a6ba18d3e497e4b6daf6afe672ea72ebcde9d7c4bdcad5531db75ed28ff33cfd73c7ede9e2f7fa7a4c1bfce517fdb4abdbe687f33c7df3c7edebe3aeff004e87d6e676eb8ed2d76d651f7f739671fb74debf45b97b95fa724f1e6953e67b974f3d4d49cfecb7afd38b993c87f9e0934bbb8ebeda33d1cc8f3f76b9190ee53f2bea7a3979ba629d4ed1c6ab9159a475ec6913e7a79044acbc0b103e7f02a0a73f0d4a0d6e7817e512b3f00193978143c157aba208d16ed627eabd4f73fe406fc78d85f9669af63315a8df669d8e55d22d6dd3455315a8c3952c8a691fc511a72321de6def4d015c12aeac95a8d9655bf139d748db0db4315a5912074010222064032019103aa843272f00195406d409a944f9bc003f378140f9809a95055402aa40dad0aa2a840c806410ca803220251080941401202544006a04d409a84075281f37800af700af778008f778154ba801ee052ea542ea285752297500001d3b001d4295842ba80ac0560a561000575011d4a15d40475284602b084954b02bf22859540ad950aca0040650180ac05752a11d4a15d4211d4d05752a12550840032a175280c20140610000c00ca8503fffd9, '2022-06-07 20:29:34', 'Curso 01');

-- --------------------------------------------------------

--
-- Estructura de tabla para la tabla `productos`
--

CREATE TABLE `productos` (
  `idproducto` int(11) NOT NULL,
  `nombreproducto` varchar(200) NOT NULL,
  `descripcionproducto` text NOT NULL,
  `precioproducto` decimal(10,2) NOT NULL,
  `descuentoproducto` tinyint(3) NOT NULL DEFAULT 0,
  `id_categoriaproducto` int(11) NOT NULL,
  `estadoproducto` int(11) NOT NULL,
  `ownerproducto` int(11) NOT NULL
) ENGINE=InnoDB DEFAULT CHARSET=utf8mb4;

--
-- Volcado de datos para la tabla `productos`
--

INSERT INTO `productos` (`idproducto`, `nombreproducto`, `descripcionproducto`, `precioproducto`, `descuentoproducto`, `id_categoriaproducto`, `estadoproducto`, `ownerproducto`) VALUES
(1, 'Curso Wordpress', 'Bienvenidos al curso de introducción a Wordpress', '100.00', 20, 1, 1, 1),
(2, 'Curso WooCommerce', 'Bienvenidos a la introducción a WooCommerce. Un plugin que te ayudará en el trabajo tedioso del día a día', '15.00', 0, 1, 1, 1),
(3, 'Curso PHP y bases de datos', 'Bienvenidos al curso de PHP. En este curso conocerás lo más importante sobre php y las bases de datos', '6.75', 0, 1, 1, 1);

-- --------------------------------------------------------

--
-- Estructura de tabla para la tabla `profesores`
--

CREATE TABLE `profesores` (
  `id_profesor` int(11) NOT NULL,
  `id_usuario_profesor` int(11) NOT NULL,
  `nombre` varchar(150) NOT NULL,
  `poblacion` varchar(20) NOT NULL,
  `codigo_postal` int(5) NOT NULL,
  `provincia` varchar(20) NOT NULL,
  `telefono` varchar(15) NOT NULL
) ENGINE=InnoDB DEFAULT CHARSET=utf8mb4;

--
-- Volcado de datos para la tabla `profesores`
--

INSERT INTO `profesores` (`id_profesor`, `id_usuario_profesor`, `nombre`, `poblacion`, `codigo_postal`, `provincia`, `telefono`) VALUES
(1, 14, 'Carlos Bermudez Olsen', 'Madrid', 21598, 'Madrid', '666666666');

-- --------------------------------------------------------

--
-- Estructura de tabla para la tabla `puntosclave`
--

CREATE TABLE `puntosclave` (
  `idpclave` int(11) NOT NULL,
  `arraypc` varchar(255) NOT NULL,
  `estadopc` enum('COMPLETADO','NO COMPLETADO') NOT NULL,
  `id_usuario_pc` int(11) NOT NULL,
  `id_tarea_pc` int(11) NOT NULL
) ENGINE=InnoDB DEFAULT CHARSET=utf8mb4;

--
-- Volcado de datos para la tabla `puntosclave`
--

INSERT INTO `puntosclave` (`idpclave`, `arraypc`, `estadopc`, `id_usuario_pc`, `id_tarea_pc`) VALUES
(1, 'manzanas, mandarinas, peras, melocotones, sa, como, asa, asdad', 'COMPLETADO', 14, 3);

-- --------------------------------------------------------

--
-- Estructura de tabla para la tabla `rol`
--

CREATE TABLE `rol` (
  `rol_id` int(11) NOT NULL,
  `rol_nombre` varchar(30) NOT NULL
) ENGINE=InnoDB DEFAULT CHARSET=utf8mb4;

--
-- Volcado de datos para la tabla `rol`
--

INSERT INTO `rol` (`rol_id`, `rol_nombre`) VALUES
(1, 'ADMINISTRADOR'),
(2, 'INVITADO');

-- --------------------------------------------------------

--
-- Estructura de tabla para la tabla `taskapp`
--

CREATE TABLE `taskapp` (
  `idtarea` int(11) NOT NULL,
  `name` varchar(100) NOT NULL,
  `description` varchar(255) NOT NULL,
  `estado` enum('SIN EMPEZAR','EN PROCESO','TERMINADO') NOT NULL,
  `puntosclave` int(11) DEFAULT NULL,
  `idusuario` int(11) NOT NULL
) ENGINE=InnoDB DEFAULT CHARSET=utf8mb4;

--
-- Volcado de datos para la tabla `taskapp`
--

INSERT INTO `taskapp` (`idtarea`, `name`, `description`, `estado`, `puntosclave`, `idusuario`) VALUES
(1, 'hola', 'sa', 'TERMINADO', 1, 14),
(3, 'civil', 'divorcio', 'SIN EMPEZAR', 1, 14),
(4, 'hola', 'sa', 'EN PROCESO', 1, 14),
(12, 'hola', 'sasadasdsadsadsacc dasfdsv adfavc ', 'SIN EMPEZAR', 2, 14),
(13, 'hola', 'sa', 'EN PROCESO', 1, 14),
(14, 'hola', 'sa', 'EN PROCESO', 1, 14),
(15, 'hola', 'sa', 'SIN EMPEZAR', 1, 14),
(16, 'hola', 'sa', 'SIN EMPEZAR', 1, 14),
(18, 'hola', 'sa', 'EN PROCESO', 1, 14),
(19, 'hola', 'esp', 'SIN EMPEZAR', 1, 14),
(20, 'as', 'as', 'SIN EMPEZAR', 1, 14),
(21, 'as', 'as', 'SIN EMPEZAR', 1, 14),
(22, 'as', 'as', 'SIN EMPEZAR', 1, 14),
(23, 'as', 'as', 'SIN EMPEZAR', 1, 14),
(24, 'hola', 'sa', 'SIN EMPEZAR', 1, 14),
(25, 'hola', 'sa', 'SIN EMPEZAR', 1, 14),
(26, 'hola', 'sa', 'SIN EMPEZAR', 1, 14),
(27, 'hola', 'sa', 'SIN EMPEZAR', 1, 14),
(28, 'hola', 'sa', 'SIN EMPEZAR', 1, 14),
(29, 'hola', 'sa', 'SIN EMPEZAR', 1, 14),
(30, 'hola', 'sa', 'SIN EMPEZAR', 1, 14),
(31, 'asadadada', 'sdc ac', 'SIN EMPEZAR', 1, 14),
(32, 'hola', 'esp', 'SIN EMPEZAR', 1, 14),
(33, 'hola', 'sa', 'SIN EMPEZAR', 1, 14),
(34, 'hola', 'sa', 'SIN EMPEZAR', 1, 14),
(35, 'hola', 'sa', 'SIN EMPEZAR', 1, 14),
(36, 'hola', 'sa', 'SIN EMPEZAR', 1, 14),
(37, 'a vellll', 'llll', 'SIN EMPEZAR', 1, 14),
(38, 'hola', 'sa', 'SIN EMPEZAR', 1, 14),
(39, 'prueba', 'PRUEB', 'SIN EMPEZAR', 1, 14),
(40, 'cuaren', 'tena', 'EN PROCESO', 1, 14),
(41, 'hola', 'sadsadsa', 'SIN EMPEZAR', 1, 14),
(42, 'dsadsad', 'adasda', 'SIN EMPEZAR', 1, 14),
(43, 'pru', 'pruuuuu', 'SIN EMPEZAR', NULL, 14);

-- --------------------------------------------------------

--
-- Estructura de tabla para la tabla `temas`
--

CREATE TABLE `temas` (
  `idtema` int(11) NOT NULL,
  `titulotema` varchar(100) NOT NULL,
  `descripciontema` varchar(255) NOT NULL,
  `idcursotema` int(11) NOT NULL
) ENGINE=InnoDB DEFAULT CHARSET=utf8mb4;

--
-- Volcado de datos para la tabla `temas`
--

INSERT INTO `temas` (`idtema`, `titulotema`, `descripciontema`, `idcursotema`) VALUES
(1, 'Introduccion', 'Veremos los conceptos básicos de las bases de datos', 3),
(2, 'Bases de datos relacionales', 'Veremos una pequeña introducción a las bases de datos relacionales', 3);

-- --------------------------------------------------------

--
-- Estructura de tabla para la tabla `tipousuario`
--

CREATE TABLE `tipousuario` (
  `idtipo` int(11) NOT NULL,
  `nombre_tipo` varchar(20) NOT NULL
) ENGINE=InnoDB DEFAULT CHARSET=utf8mb4;

--
-- Volcado de datos para la tabla `tipousuario`
--

INSERT INTO `tipousuario` (`idtipo`, `nombre_tipo`) VALUES
(1, 'ESTUDIANTE'),
(2, 'PROFESOR');

-- --------------------------------------------------------

--
-- Estructura de tabla para la tabla `usuarios`
--

CREATE TABLE `usuarios` (
  `idusuario` int(11) NOT NULL,
  `nombre_usuario` varchar(20) NOT NULL,
  `nombre` varchar(15) NOT NULL,
  `apellidos` varchar(60) NOT NULL,
  `fecha_nacimiento` date NOT NULL,
  `contrasena` varchar(100) NOT NULL,
  `correo` varchar(70) NOT NULL,
  `estado` enum('ACTIVO','INACTIVO') NOT NULL,
  `rol_id` int(11) NOT NULL,
  `sexo` enum('MASCULINO','FEMENINO') NOT NULL,
  `tipo_id` int(11) NOT NULL
) ENGINE=InnoDB DEFAULT CHARSET=utf8mb4;

--
-- Volcado de datos para la tabla `usuarios`
--

INSERT INTO `usuarios` (`idusuario`, `nombre_usuario`, `nombre`, `apellidos`, `fecha_nacimiento`, `contrasena`, `correo`, `estado`, `rol_id`, `sexo`, `tipo_id`) VALUES
(3, 'xxx', 'x', 'XXx', '0000-00-00', '$2y$12$Ednu0gvZveBmmgIRlPF00u2W4XwuB58sEnERlsJp09HNAOWIhpOEO', 'x@x.x', 'INACTIVO', 1, 'MASCULINO', 1),
(6, 'prueba', 'p', 'rueba', '0000-00-00', 'RkNlUlZkc0lFck9US3BWeGh3T1Nhdz09', 'vac@vacio.v', 'INACTIVO', 1, 'MASCULINO', 1),
(8, 'probandoregistrousu', 'register', 'user', '1988-05-12', '132', 'email@email.com', 'ACTIVO', 2, 'MASCULINO', 1),
(11, 'ffff', 'Aitor', 'Vázquez García', '4444-04-04', 'ZTVQWUNVb0NzTFk5UzdGQ2V5YW5Odz09', 'aitorvazgar@gmail.com', 'ACTIVO', 2, 'MASCULINO', 1),
(13, 'sd', 'sd', 'sd', '0004-04-04', 'NVorZjNGSzZFQkJSMmJ6SjZUMU1BQT09', 'sdaf@fsd.vp', 'ACTIVO', 2, 'MASCULINO', 1),
(14, 'ccc', 'Aitorrrrrrrrrrr', 'cccc', '2012-12-12', 'aGVXWUZkOXBiQTBnK3E0dW5kQkpHQT09', 'cc@c.c', 'ACTIVO', 2, 'MASCULINO', 2),
(15, 'sa', 'sa', 'sa', '1999-04-05', 'L3dwY1IyYTNISnVSaVY0QUJJVHltZz09', 'sa@sa.sa', 'ACTIVO', 2, 'MASCULINO', 1),
(16, 'as', 'sa', 'as', '2007-07-07', 'YmxiU3pYVUh3NzVSVDNjZFN5THd6UT09', 'AS@as.c', 'ACTIVO', 2, 'MASCULINO', 1);

--
-- Índices para tablas volcadas
--

--
-- Indices de la tabla `calendario`
--
ALTER TABLE `calendario`
  ADD PRIMARY KEY (`idevento`),
  ADD KEY `idusuario` (`idusuario`);

--
-- Indices de la tabla `categoriascurso`
--
ALTER TABLE `categoriascurso`
  ADD PRIMARY KEY (`idcat`);

--
-- Indices de la tabla `curso`
--
ALTER TABLE `curso`
  ADD PRIMARY KEY (`cod_curso`),
  ADD KEY `cod_profesor` (`cod_profesor`),
  ADD KEY `idcatfk` (`idcatfk`),
  ADD KEY `idimgfk` (`idimgfk`);

--
-- Indices de la tabla `estudiantes`
--
ALTER TABLE `estudiantes`
  ADD PRIMARY KEY (`id_estudiante`),
  ADD KEY `id_usuario_estudiante` (`id_usuario_estudiante`),
  ADD KEY `cod_curso` (`cod_curso`);

--
-- Indices de la tabla `images`
--
ALTER TABLE `images`
  ADD PRIMARY KEY (`idimg`);

--
-- Indices de la tabla `productos`
--
ALTER TABLE `productos`
  ADD PRIMARY KEY (`idproducto`),
  ADD KEY `id_categoriaproducto` (`id_categoriaproducto`),
  ADD KEY `ownerproducto` (`ownerproducto`);

--
-- Indices de la tabla `profesores`
--
ALTER TABLE `profesores`
  ADD PRIMARY KEY (`id_profesor`),
  ADD KEY `id_usuario_profesor` (`id_usuario_profesor`);

--
-- Indices de la tabla `puntosclave`
--
ALTER TABLE `puntosclave`
  ADD PRIMARY KEY (`idpclave`),
  ADD KEY `id_usuario_pc` (`id_usuario_pc`),
  ADD KEY `id_tarea_pc` (`id_tarea_pc`);

--
-- Indices de la tabla `rol`
--
ALTER TABLE `rol`
  ADD PRIMARY KEY (`rol_id`);

--
-- Indices de la tabla `taskapp`
--
ALTER TABLE `taskapp`
  ADD PRIMARY KEY (`idtarea`),
  ADD KEY `idusuario` (`idusuario`),
  ADD KEY `puntosclave` (`puntosclave`);

--
-- Indices de la tabla `temas`
--
ALTER TABLE `temas`
  ADD PRIMARY KEY (`idtema`),
  ADD KEY `idcursotema` (`idcursotema`);

--
-- Indices de la tabla `tipousuario`
--
ALTER TABLE `tipousuario`
  ADD PRIMARY KEY (`idtipo`);

--
-- Indices de la tabla `usuarios`
--
ALTER TABLE `usuarios`
  ADD PRIMARY KEY (`idusuario`),
  ADD UNIQUE KEY `nombre_usuario` (`nombre_usuario`),
  ADD UNIQUE KEY `correo` (`correo`),
  ADD KEY `rol_id` (`rol_id`),
  ADD KEY `tipo_id` (`tipo_id`);

--
-- AUTO_INCREMENT de las tablas volcadas
--

--
-- AUTO_INCREMENT de la tabla `calendario`
--
ALTER TABLE `calendario`
  MODIFY `idevento` int(11) NOT NULL AUTO_INCREMENT, AUTO_INCREMENT=23;

--
-- AUTO_INCREMENT de la tabla `categoriascurso`
--
ALTER TABLE `categoriascurso`
  MODIFY `idcat` int(11) NOT NULL AUTO_INCREMENT, AUTO_INCREMENT=6;

--
-- AUTO_INCREMENT de la tabla `curso`
--
ALTER TABLE `curso`
  MODIFY `cod_curso` int(11) NOT NULL AUTO_INCREMENT, AUTO_INCREMENT=13;

--
-- AUTO_INCREMENT de la tabla `estudiantes`
--
ALTER TABLE `estudiantes`
  MODIFY `id_estudiante` int(11) NOT NULL AUTO_INCREMENT, AUTO_INCREMENT=2;

--
-- AUTO_INCREMENT de la tabla `images`
--
ALTER TABLE `images`
  MODIFY `idimg` int(11) NOT NULL AUTO_INCREMENT, AUTO_INCREMENT=3;

--
-- AUTO_INCREMENT de la tabla `productos`
--
ALTER TABLE `productos`
  MODIFY `idproducto` int(11) NOT NULL AUTO_INCREMENT, AUTO_INCREMENT=4;

--
-- AUTO_INCREMENT de la tabla `profesores`
--
ALTER TABLE `profesores`
  MODIFY `id_profesor` int(11) NOT NULL AUTO_INCREMENT, AUTO_INCREMENT=2;

--
-- AUTO_INCREMENT de la tabla `puntosclave`
--
ALTER TABLE `puntosclave`
  MODIFY `idpclave` int(11) NOT NULL AUTO_INCREMENT, AUTO_INCREMENT=2;

--
-- AUTO_INCREMENT de la tabla `rol`
--
ALTER TABLE `rol`
  MODIFY `rol_id` int(11) NOT NULL AUTO_INCREMENT, AUTO_INCREMENT=5;

--
-- AUTO_INCREMENT de la tabla `taskapp`
--
ALTER TABLE `taskapp`
  MODIFY `idtarea` int(11) NOT NULL AUTO_INCREMENT, AUTO_INCREMENT=44;

--
-- AUTO_INCREMENT de la tabla `temas`
--
ALTER TABLE `temas`
  MODIFY `idtema` int(11) NOT NULL AUTO_INCREMENT, AUTO_INCREMENT=3;

--
-- AUTO_INCREMENT de la tabla `tipousuario`
--
ALTER TABLE `tipousuario`
  MODIFY `idtipo` int(11) NOT NULL AUTO_INCREMENT, AUTO_INCREMENT=3;

--
-- AUTO_INCREMENT de la tabla `usuarios`
--
ALTER TABLE `usuarios`
  MODIFY `idusuario` int(11) NOT NULL AUTO_INCREMENT, AUTO_INCREMENT=19;

--
-- Restricciones para tablas volcadas
--

--
-- Filtros para la tabla `calendario`
--
ALTER TABLE `calendario`
  ADD CONSTRAINT `calendario_ibfk_1` FOREIGN KEY (`idusuario`) REFERENCES `usuarios` (`idusuario`) ON UPDATE CASCADE;

--
-- Filtros para la tabla `curso`
--
ALTER TABLE `curso`
  ADD CONSTRAINT `curso_ibfk_2` FOREIGN KEY (`cod_profesor`) REFERENCES `profesores` (`id_profesor`),
  ADD CONSTRAINT `curso_ibfk_3` FOREIGN KEY (`idcatfk`) REFERENCES `categoriascurso` (`idcat`),
  ADD CONSTRAINT `curso_ibfk_4` FOREIGN KEY (`idimgfk`) REFERENCES `images` (`idimg`);

--
-- Filtros para la tabla `estudiantes`
--
ALTER TABLE `estudiantes`
  ADD CONSTRAINT `estudiantes_ibfk_2` FOREIGN KEY (`id_usuario_estudiante`) REFERENCES `usuarios` (`idusuario`);

--
-- Filtros para la tabla `profesores`
--
ALTER TABLE `profesores`
  ADD CONSTRAINT `profesores_ibfk_1` FOREIGN KEY (`id_usuario_profesor`) REFERENCES `usuarios` (`idusuario`),
  ADD CONSTRAINT `profesores_ibfk_2` FOREIGN KEY (`id_profesor`) REFERENCES `productos` (`ownerproducto`);

--
-- Filtros para la tabla `puntosclave`
--
ALTER TABLE `puntosclave`
  ADD CONSTRAINT `puntosclave_ibfk_1` FOREIGN KEY (`id_usuario_pc`) REFERENCES `usuarios` (`idusuario`),
  ADD CONSTRAINT `puntosclave_ibfk_2` FOREIGN KEY (`id_tarea_pc`) REFERENCES `taskapp` (`idtarea`);

--
-- Filtros para la tabla `taskapp`
--
ALTER TABLE `taskapp`
  ADD CONSTRAINT `taskapp_ibfk_1` FOREIGN KEY (`idusuario`) REFERENCES `usuarios` (`idusuario`);

--
-- Filtros para la tabla `temas`
--
ALTER TABLE `temas`
  ADD CONSTRAINT `temas_ibfk_1` FOREIGN KEY (`idcursotema`) REFERENCES `curso` (`cod_curso`);

--
-- Filtros para la tabla `usuarios`
--
ALTER TABLE `usuarios`
  ADD CONSTRAINT `usuarios_ibfk_1` FOREIGN KEY (`rol_id`) REFERENCES `rol` (`rol_id`),
  ADD CONSTRAINT `usuarios_ibfk_2` FOREIGN KEY (`tipo_id`) REFERENCES `tipousuario` (`idtipo`);
COMMIT;

/*!40101 SET CHARACTER_SET_CLIENT=@OLD_CHARACTER_SET_CLIENT */;
/*!40101 SET CHARACTER_SET_RESULTS=@OLD_CHARACTER_SET_RESULTS */;
/*!40101 SET COLLATION_CONNECTION=@OLD_COLLATION_CONNECTION */;
